,0,1
0,Saiyaan Ji,https://i.scdn.co/image/ab67616d0000b2737a4ca76abadaf4b0733c6955
1,Falling,https://i.scdn.co/image/ab67616d0000b273f3508855e1fd44d447a3413b
2,Shayad,https://i.scdn.co/image/ab67616d0000b273095191f6b96fd9eff585befc
3,"Malang (Title Track) [From ""Malang - Unleash The Madness""]",https://i.scdn.co/image/ab67616d0000b27399655481a2151203ed89351d
4,Genda Phool (feat. Payal Dev),https://i.scdn.co/image/ab67616d0000b2731236f9aabbd45bf852bdbd9c
5,"Humraah (From ""Malang - Unleash The Madness"")",https://i.scdn.co/image/ab67616d0000b27340494b35d483ac255db4ce93
6,Baila Conmigo (with Rauw Alejandro),https://i.scdn.co/image/ab67616d0000b2738b11b0be988e17da2799b94d
7,You (with Marshmello & Vance Joy),https://i.scdn.co/image/ab67616d0000b27338e349efcd6a1c63e403b97f
8,Higher (feat. iann dior),https://i.scdn.co/image/ab67616d0000b2734628636f03999328ba098839
9,Element,https://i.scdn.co/image/ab67616d0000b2738e6709b8efdc31d41227e0e4
10,HUMBLE.,https://i.scdn.co/image/ab67616d0000b2738b52c6b9bc4e43d873869699
11,"Sucker for Pain (with Wiz Khalifa, Imagine Dragons, Logic & Ty Dolla $ign feat. X Ambassadors)",https://i.scdn.co/image/ab67616d0000b2737d8dfcfd507069d7f2062caf
12,Dip (feat. Nicki Minaj) (feat. Nicki Minaj),https://i.scdn.co/image/ab67616d0000b2732b52a027f022c637db02b317
13,goosebumps,https://i.scdn.co/image/ab67616d0000b273f54b99bf27cda88f4a7403ce
14,Walk It Talk It,https://i.scdn.co/image/ab67616d0000b2739c188c494d8bfaf895411890
15,King Kunta,https://i.scdn.co/image/ab67616d0000b273cdb645498cd3d8a2db4d05e1
16,Swang,https://i.scdn.co/image/ab67616d0000b273881fb62d913fe712fc2e1c95
17,"I'm the One (feat. Justin Bieber, Quavo, Chance the Rapper & Lil Wayne)",https://i.scdn.co/image/ab67616d0000b273f2b55cfff049e03f92834b50
18,Another Love,https://i.scdn.co/image/ab67616d0000b2731917a0f3f4152622a040913f
19,People Help the People,https://i.scdn.co/image/ab67616d0000b2733661c01b54e181d01bd439a1
20,unravel (acoustic version) - Acoustic Version,https://i.scdn.co/image/ab67616d0000b2731084a0d39620b9564ee640a1
21,"Isabella's Lullaby (from ""The Promised Neverland"")",https://i.scdn.co/image/ab67616d0000b27309e847f05ff2e5873fc9f5fb
22,asphyxia,https://i.scdn.co/image/ab67616d0000b273b868bc52627b90ed648b2092
23,Kokoronashi,https://i.scdn.co/image/ab67616d0000b273f672cfe50a513713ea7cdc85
24,Can't Hold Us - feat. Ray Dalton,https://i.scdn.co/image/ab67616d0000b2732a6b364528b128a4a17d100d
25,Somebody That I Used To Know,https://i.scdn.co/image/ab67616d0000b2738ac5768205ad97df3f4f4c0e
26,River Flows In You,https://i.scdn.co/image/ab67616d0000b2734bdb66d1335f8571240e755f
27,"Comptine d'un autre été, l'après-midi",https://i.scdn.co/image/ab67616d0000b2731b7844a8c73c4d48f0bca1de
28,You Raise Me Up,https://i.scdn.co/image/ab67616d0000b2731d78472931a3c47d66444ee4
29,Hope,https://i.scdn.co/image/ab67616d0000b273806c160566580d6335d1f16c
30,Close To Me,https://i.scdn.co/image/ab67616d0000b2735f76dbd311a0782823550b30
31,Hope,https://i.scdn.co/image/ab67616d0000b273806c160566580d6335d1f16c
32,Baarishein,https://i.scdn.co/image/ab67616d0000b273d8ca783fa570b57e082f4374
33,Why Did I Answer?,https://i.scdn.co/image/ab67616d0000b273bd789be8a2db43dd477b2db6
34,Baari,https://i.scdn.co/image/ab67616d0000b273aca529b2fdfaabf2f50fc9e3
35,Big Gangsta,https://i.scdn.co/image/ab67616d0000b273f8a9c2fe71ac2eb53524392b
36,Famous (I'm The One) (feat. Yo Gotti & DeJ Loaf),https://i.scdn.co/image/ab67616d0000b273486d0191ad02532ffd12d87c
37,Beware,https://i.scdn.co/image/ab67616d0000b27373077b16706dbd3dca4b6948
38,The Thrill,https://i.scdn.co/image/ab67616d0000b2738f0412555b7e080fac2b825f
39,Dior,https://i.scdn.co/image/ab67616d0000b2731a8c4618eda885a406958dd0
40,good 4 u,https://i.scdn.co/image/ab67616d0000b273a91c10fe9472d9bd89802e5a
41,Kiss Me More (feat. SZA),https://i.scdn.co/image/ab67616d0000b273be841ba4bc24340152e3a79a
42,Butter,https://i.scdn.co/image/ab67616d0000b273240447f2da1433d8f4303596
43,MONTERO (Call Me By Your Name),https://i.scdn.co/image/ab67616d0000b273664034dd80e91b28f773598d
44,Arcade,https://i.scdn.co/image/ab67616d0000b273a954408e456d4d9d410f448b
45,WITHOUT YOU,https://i.scdn.co/image/ab67616d0000b273a26cc58b4d64c2ece3376389
46,Leave The Door Open,https://i.scdn.co/image/ab67616d0000b273fcf75ead8a32ac0020d2ce86
47,Levitating (feat. DaBaby),https://i.scdn.co/image/ab67616d0000b2732172b607853fa89cefa2beb4
48,Peaches (feat. Daniel Caesar & Giveon),https://i.scdn.co/image/ab67616d0000b273e6f407c7f3a0ec98845e4431
49,Save Your Tears (with Ariana Grande) (Remix),https://i.scdn.co/image/ab67616d0000b273c6af5ffa661a365b77df6ef6
50,deja vu,https://i.scdn.co/image/ab67616d0000b273a91c10fe9472d9bd89802e5a
51,Beautiful Mistakes (feat. Megan Thee Stallion),https://i.scdn.co/image/ab67616d0000b27386a8ab515de4b7aef28cd631
52,Sygrayem (Let's Play),https://i.scdn.co/image/ab67616d0000b2735c31c2a42a670aef0c883c43
53,Our Song,https://i.scdn.co/image/ab67616d0000b2736c46dd6e21c778948898c2c5
54,Leave Before You Love Me (with Jonas Brothers),https://i.scdn.co/image/ab67616d0000b273ae40468931087f78919b86ce
55,Build a Bitch,https://i.scdn.co/image/ab67616d0000b273aeeb722667c831a4f5429ff0
56,Heartbreak Anthem (with David Guetta & Little Mix),https://i.scdn.co/image/ab67616d0000b2731fcd19d56ad06561b76c1665
57,unravel,https://i.scdn.co/image/ab67616d0000b273b11c3ab5cb818192b7a61fdd
58,ブルーバード,https://i.scdn.co/image/ab67616d0000b2734ff62a8bad528d3b04d0794e
59,Lucid Dreams,https://i.scdn.co/image/ab67616d0000b273f7db43292a6a99b21b51d5b4
60,Experience,https://i.scdn.co/image/ab67616d0000b2736c8ef0538e04f2e28380dcc5
61,Hello (feat. A Boogie Wit da Hoodie),https://i.scdn.co/image/ab67616d0000b27346e1307c35579c3483ea7b03
62,Deep End Freestyle,https://i.scdn.co/image/ab67616d0000b273a5002e8af5089baebb3b7d5a
63,Gang Shit No Lame Shit,https://i.scdn.co/image/ab67616d0000b2731ab3ee1984445d5b9d5158ea
64,Sideways,https://i.scdn.co/image/ab67616d0000b2733541c6577c1e4b7d58e8b588
65,Nightlight,https://i.scdn.co/image/ab67616d0000b273223f97eeb08ae88cf6bf8dfc
66,Night Changes,https://i.scdn.co/image/ab67616d0000b273d304ba2d71de306812eebaf4
67,Alive,https://i.scdn.co/image/ab67616d0000b273bd75527abad4529d0cc49afc
68,A Thousand Years,https://i.scdn.co/image/ab67616d0000b2733dea4a2ccd58ad1f8e4dbb03
69,I Know It's You,https://i.scdn.co/image/ab67616d0000b273e83f4209f2d7c46f1df69b59
70,A Thousand Years (feat. Steve Kazee) - Pt. 2; The Twilight Saga: Breaking Dawn Soundtrack,https://i.scdn.co/image/ab67616d0000b27333d6ad1275ae8ebe156686f5
71,Main Title,https://i.scdn.co/image/ab67616d0000b273239a1395e4d595efc28af924
72,Beth's Story,https://i.scdn.co/image/ab67616d0000b2735c31c2a42a670aef0c883c43
73,Methuen Home For Children 1957,https://i.scdn.co/image/ab67616d0000b2735c31c2a42a670aef0c883c43
74,The Scholar's Mate,https://i.scdn.co/image/ab67616d0000b2735c31c2a42a670aef0c883c43
75,You're Gloating,https://i.scdn.co/image/ab67616d0000b2735c31c2a42a670aef0c883c43
76,Training With Mr. Schaibel,https://i.scdn.co/image/ab67616d0000b2735c31c2a42a670aef0c883c43
77,Mishri,https://i.scdn.co/image/ab67616d0000b273aac0305160f2e950afa2ff5f
78,SugarCrash!,https://i.scdn.co/image/ab67616d0000b27366f688086d483cf5781942e0
79,Higher Power,https://i.scdn.co/image/ab67616d0000b273b1092c02972b0bfd91703f75
80,Break My Heart Myself (feat. Travis Barker),https://i.scdn.co/image/ab67616d0000b27359684831e2b29bf06842f204
81,Echo (with KSHMR),https://i.scdn.co/image/ab67616d0000b2731b91d6e06291ba7b2a448b25
82,Astronomy,https://i.scdn.co/image/ab67616d0000b27360a89b781c62ffe2136e4396
83,Alag Aasmaan,https://i.scdn.co/image/ab67616d0000b2735d7a296e99b415bc012c03e3
84,Sau Aasmaan,https://i.scdn.co/image/ab67616d0000b273edfe45782ad611717d77b2ee
85,Besabriyaan,https://i.scdn.co/image/ab67616d0000b27302dde7bfff94df00c8b76eb4
86,What If (I Told You I Like You),https://i.scdn.co/image/ab67616d0000b27375e1e43df4509a116d29e7ab
87,Everybody Wants You,https://i.scdn.co/image/ab67616d0000b273fb0ea2ab8c0a71549518e6fd
88,Two of Us,https://i.scdn.co/image/ab67616d0000b2737523b7e42168f3122351721b
89,Wonder,https://i.scdn.co/image/ab67616d0000b2736f093a6ae88a5ca8ed53b9f7
90,Before You Go,https://i.scdn.co/image/ab67616d0000b2737b9639babbe96e25071ec1d4
91,"A Whole New World (End Title) - From ""Aladdin""",https://i.scdn.co/image/ab67616d0000b2736c076fc850f473e8eb9a898c
92,Just Like You,https://i.scdn.co/image/ab67616d0000b273e0783b9378aa3857b8a9d24d
93,What A Time (feat. Niall Horan),https://i.scdn.co/image/ab67616d0000b2737e706949994bcef39b09da4e
94,Interstellar Main Theme - Piano Version,https://i.scdn.co/image/ab67616d0000b273123a885436711727d613db69
95,Interstellar- Main Theme,https://i.scdn.co/image/ab67616d0000b27326e2199cc7f1893afcf44f6a
96,Without Me (with Juice WRLD),https://i.scdn.co/image/ab67616d0000b273309b0cb81728d42a6dfb2b81
97,Without Me,https://i.scdn.co/image/ab67616d0000b2736ca5c90113b30c3c43ffb8f4
98,you broke me first,https://i.scdn.co/image/ab67616d0000b2736c2b76e0d78170d577add561
99,Jalebi Baby,https://i.scdn.co/image/ab67616d0000b27358ad3c6d598cb14b31c334dc
100,Switch It Up (feat. sokodomo) - Prod. Cha Cha Malone,https://i.scdn.co/image/ab67616d0000b273e11089c7ff5bee1cef0ff2a8
101,Mera Mann Kehne Laga,https://i.scdn.co/image/ab67616d0000b273785c415336347fca03a1d638
102,Good Years,https://i.scdn.co/image/ab67616d0000b2732bdcb339402ebd78651f09c8
103,Grenade,https://i.scdn.co/image/ab67616d0000b273f60070dce96a2c1b70cf6ff0
104,Talking to the Moon,https://i.scdn.co/image/ab67616d0000b273f6b55ca93bd33211227b502b
105,"My Heart Will Go On - Love Theme from ""Titanic""",https://i.scdn.co/image/ab67616d0000b273ccdf9a5a2e2054b0e9d65c04
106,Stereo Hearts (feat. Adam Levine),https://i.scdn.co/image/ab67616d0000b27318b8088fe0c3dbf78398b55a
107,Stereo Love,https://i.scdn.co/image/ab67616d0000b27363930afae902cae1ca1c65b9
108,Righteous,https://i.scdn.co/image/ab67616d0000b2733e0698e4ae5ffb82a005aeeb
109,734,https://i.scdn.co/image/ab67616d0000b273bf640cd39d097f99c6f6e48f
110,Life's A Mess II (with Clever & Post Malone),https://i.scdn.co/image/ab67616d0000b273b56014f5fa93df5ade506b5b
111,Lucid Dreams (feat. Lil Uzi Vert) - Remix,https://i.scdn.co/image/ab67616d0000b273bf640cd39d097f99c6f6e48f
112,Come & Go (with Marshmello),https://i.scdn.co/image/ab67616d0000b2733e0698e4ae5ffb82a005aeeb
113,Blastoff (feat. Juice Wrld & Trippie Redd),https://i.scdn.co/image/ab67616d0000b273a64752f7639c1220d56ea129
114,Stay High,https://i.scdn.co/image/ab67616d0000b2733e0698e4ae5ffb82a005aeeb
115,Bandit (with YoungBoy Never Broke Again),https://i.scdn.co/image/ab67616d0000b2738b27d35aa2c6dcf99895d664
116,No Me Ame,https://i.scdn.co/image/ab67616d0000b273155eef1dc49d17e457d64c05
117,One Dance,https://i.scdn.co/image/ab67616d0000b27372d0af2341359a90710c1fdc
118,Lean On,https://i.scdn.co/image/ab67616d0000b273d6d24aee7b49a2db98a76856
119,Sunflower - Spider-Man: Into the Spider-Verse,https://i.scdn.co/image/ab67616d0000b273e2e352d89826aef6dbd5ff8f
120,Rolling in the Deep,https://i.scdn.co/image/ab67616d0000b273164feb363334f93b6458d2a9
121,7 rings,https://i.scdn.co/image/ab67616d0000b27356ac7b86e090f307e218e9c8
122,Wake Me Up,https://i.scdn.co/image/ab67616d0000b273d7bf0bf26378891c79862cc1
123,Love The Way You Lie,https://i.scdn.co/image/ab67616d0000b273c08d5fa5c0f1a834acef5100
124,Morning,https://i.scdn.co/image/ab67616d0000b273c6ae19f52e591cb23bc5f2a8
125,I Should Quit,https://i.scdn.co/image/ab67616d0000b27354e79acad5cb792e2894e547
126,Am I Good Enough Now?,https://i.scdn.co/image/ab67616d0000b2735c31c2a42a670aef0c883c43
127,u love u (with Tate McRae),https://i.scdn.co/image/ab67616d0000b2734002bbdd8f0cfa21ae9dc859
128,By Your Side (feat. Tom Grennan),https://i.scdn.co/image/ab67616d0000b27326ab76de7cfa7b953e58caee
129,Lost Cause,https://i.scdn.co/image/ab67616d0000b2732a038d3bf875d23e4aeaa84e
130,seaside_demo,https://i.scdn.co/image/ab67616d0000b273a174eea9577d7e0974cc00d8
131,Last Train Home,https://i.scdn.co/image/ab67616d0000b273779063301154e835a91a35e0
132,t r a n s p a r e n t s o u l feat. Travis Barker,https://i.scdn.co/image/ab67616d0000b27302b0ac4db2fd46d936e748cd
133,Shape of You,https://i.scdn.co/image/ab67616d0000b273ba5db46f4b838ef6027e6f96
134,bad guy,https://i.scdn.co/image/ab67616d0000b27350a3147b4edd7701a876c6ce
135,Rather Be (feat. Jess Glynne),https://i.scdn.co/image/ab67616d0000b2737e519297d9876b6afff2ab7b
136,Cocaine,https://i.scdn.co/image/ab67616d0000b2736b219c8d8462bfe254a20469
137,Honesty,https://i.scdn.co/image/ab67616d0000b273e94370c83320486d73aa7cc8
138,Mask Off,https://i.scdn.co/image/ab67616d0000b273e0b64c8be3c4e804abcb2696
139,Mask Off - Marshmello Remix,https://i.scdn.co/image/ab67616d0000b273d338f56a62eabfe658ff5e9d
140,Hymn for the Weekend - Seeb Remix,https://i.scdn.co/image/ab67616d0000b273ac08ece7ad90165ac7d532c4
141,The Scientist,https://i.scdn.co/image/ab67616d0000b273de09e02aa7febf30b7c02d82
142,My Way,https://i.scdn.co/image/ab67616d0000b273b81d66d1416afa139d12767b
143,All Night,https://i.scdn.co/image/ab67616d0000b2738471bff5344bd04f60ac834a
144,I Don’t Wanna Live Forever (Fifty Shades Darker),https://i.scdn.co/image/ab67616d0000b27363d77f99117b28af9f656918
145,Let Me Love You,https://i.scdn.co/image/ab67616d0000b273212d776c31027c511f0ee3bc
146,Adventure of a Lifetime,https://i.scdn.co/image/ab67616d0000b2738ff7c3580d429c8212b9a3b6
147,This Is What You Came For (feat. Rihanna),https://i.scdn.co/image/ab67616d0000b273ef6ffbb26dc95b0ac7193a22
148,Perfect Strangers,https://i.scdn.co/image/ab67616d0000b2735b6bcc59c3562a6f362344c6
149,Perfect,https://i.scdn.co/image/ab67616d0000b273ba5db46f4b838ef6027e6f96
150,Jalebi Baby (Tesher x Jason Derulo),https://i.scdn.co/image/ab67616d0000b273a56f3d8136a0690b75b419d8
151,Love Again,https://i.scdn.co/image/ab67616d0000b2734bc66095f8a70bc4e6593f4f
152,Hide (feat. Seezyn),https://i.scdn.co/image/ab67616d0000b273e2e352d89826aef6dbd5ff8f
153,Disrespectful,https://i.scdn.co/image/ab67616d0000b2730db43130a9aaa7bae56967ed
154,Crooked Smile (feat. TLC),https://i.scdn.co/image/ab67616d0000b273c1bb124f993488cf21b269fc
155,Into Your Arms (feat. Ava Max),https://i.scdn.co/image/ab67616d0000b27378023ccce25da7ca56a479e9
156,Into Your Arms (feat. Ava Max) - BEAUZ Remix,https://i.scdn.co/image/ab67616d0000b27378023ccce25da7ca56a479e9
157,anxiety (with FRND),https://i.scdn.co/image/ab67616d0000b273432d3776e465c18512b49ef8
158,Good Things Fall Apart vs. Sad Songs (With Said The Sky feat. Annika Wells),https://i.scdn.co/image/ab67616d0000b273f6eb07b8e8fd583096a9892b
159,If You Love Her,https://i.scdn.co/image/ab67616d0000b2739cd7412bd995a12a2cee1566
160,Take Me To Church,https://i.scdn.co/image/ab67616d0000b2737a9bf5f82e32d33d4503fe7b
161,Takeaway,https://i.scdn.co/image/ab67616d0000b2735e90ff76fd49a23f7333de76
162,Call You Mine,https://i.scdn.co/image/ab67616d0000b2735e90ff76fd49a23f7333de76
163,If I Can't Have You,https://i.scdn.co/image/ab67616d0000b273c820f033bd82bef4355d1563
164,Lily,https://i.scdn.co/image/ab67616d0000b273a108e07c661f9fc54de9c43a
165,Teeth,https://i.scdn.co/image/ab67616d0000b273726005f0f81903e157d9dbc7
166,Hate Me,https://i.scdn.co/image/ab67616d0000b273dc854e032e8588d5e75eebc6
167,Better Days,https://i.scdn.co/image/ab67616d0000b27359a3d5c459ba5c91486f6157
168,Do You Mean,https://i.scdn.co/image/ab67616d0000b273f46b9d202509a8f7384b90de
169,Want You Back,https://i.scdn.co/image/ab67616d0000b27341aa6776dc15fbd71a2b4557
170,One More Day (with Chandler Leighton),https://i.scdn.co/image/ab67616d0000b2734b9f3b34399b7ae4cc7a45be
171,In the End,https://i.scdn.co/image/ab67616d0000b273e2f039481babe23658fc719a
172,Believer,https://i.scdn.co/image/ab67616d0000b2735675e83f707f1d7271e5cf8a
173,Radioactive,https://i.scdn.co/image/ab67616d0000b273407bd04707c463bbb3410737
174,Centuries,https://i.scdn.co/image/ab67616d0000b2733cf1c1dbcfa3f1ab7282719b
175,Hall of Fame (feat. will.i.am),https://i.scdn.co/image/ab67616d0000b2732e3049fef96abebf336b7366
176,Animals,https://i.scdn.co/image/ab67616d0000b27337677af5b4f23fe9dc8a3c04
177,"Tchaikovsky: Swan Lake, Op. 20, Act 2: Scene (Moderato)",https://i.scdn.co/image/ab67616d0000b2731d9c6602aa95abd8c5b146da
178,Hero (feat. Christina Perri),https://i.scdn.co/image/ab67616d0000b2738058c873c88c1740994a9182
179,Goodbye To A World,https://i.scdn.co/image/ab67616d0000b2731f675e7b8bae408653346dd9
180,Magic in the Air (feat. Ahmed Chawki),https://i.scdn.co/image/ab67616d0000b273e2c130193d338ac38c24322d
181,telepatía,https://i.scdn.co/image/ab67616d0000b273044a5466dac00f7b3c570b99
182,E-ER (feat. Lil Yachty),https://i.scdn.co/image/ab67616d0000b27362700bbd5fe234b42d40b63c
183,Ex Bitch,https://i.scdn.co/image/ab67616d0000b273e97516a0d9b58cff7df931a9
184,Ga$ Money,https://i.scdn.co/image/ab67616d0000b27382e0f1a09504231fa90bceb1
185,Yonaguni,https://i.scdn.co/image/ab67616d0000b27364afd6879102d03460bd3ad9
186,Need To Know,https://i.scdn.co/image/ab67616d0000b273be841ba4bc24340152e3a79a
187,The Business,https://i.scdn.co/image/ab67616d0000b273f461bbc21a9bcec43a926973
188,MONTERO (Call Me By Your Name),https://i.scdn.co/image/ab67616d0000b273664034dd80e91b28f773598d
189,Tokyo Drift,https://i.scdn.co/image/ab67616d0000b273aac3b3863e8f7a43a9b65a19
190,Wants and Needs (feat. Lil Baby),https://i.scdn.co/image/ab67616d0000b2738b20e4631fa15d3953528bbc
191,RAPSTAR,https://i.scdn.co/image/ab67616d0000b273a493e05c99d8ec5e8020ff2b
192,Look Back at It,https://i.scdn.co/image/ab67616d0000b273a5c7151899ae5da4f4382d54
193,Can We Kiss Forever?,https://i.scdn.co/image/ab67616d0000b27313584782bb6d165483d296ed
194,Kiss Me Thru The Phone,https://i.scdn.co/image/ab67616d0000b2736aef62bd0a60aac7df9a9e37
195,Closer,https://i.scdn.co/image/ab67616d0000b273495ce6da9aeb159e94eaa453
196,Something Just Like This,https://i.scdn.co/image/ab67616d0000b2730c13d3d5a503c84fcc60ae94
197,Don't Let Me Down,https://i.scdn.co/image/ab67616d0000b27302df2d642b572cf4f284a5c3
198,This Feeling,https://i.scdn.co/image/ab67616d0000b2738e26bf4293c9da7a6439607b
199,Who Do You Love,https://i.scdn.co/image/ab67616d0000b2735e90ff76fd49a23f7333de76
200,Roses,https://i.scdn.co/image/ab67616d0000b273b340b496cb7c38d727ff40be
201,Paris,https://i.scdn.co/image/ab67616d0000b273a104877b14818eaef7c93277
202,Sick Boy,https://i.scdn.co/image/ab67616d0000b2738e26bf4293c9da7a6439607b
203,The Reaper,https://i.scdn.co/image/ab67616d0000b2735e90ff76fd49a23f7333de76
204,Family,https://i.scdn.co/image/ab67616d0000b2730905bd9fe834571a49363a6e
205,Share,https://i.scdn.co/image/ab67616d0000b273e4b98aca904673c9c484462b
206,Tell Me U Luv Me (with Trippie Redd),https://i.scdn.co/image/ab67616d0000b2733e0698e4ae5ffb82a005aeeb
207,Hide Away,https://i.scdn.co/image/ab67616d0000b273d5a0eaff23dc8cde8f9dec48
208,One Moment in Time - Remastered,https://i.scdn.co/image/ab67616d0000b2732b8ae85b74e8a7e8d198fc4f
209,Lost,https://i.scdn.co/image/ab67616d0000b273fd4ccaa0be6ceddd41f57eb3
210,EveryTime I Cry,https://i.scdn.co/image/ab67616d0000b27393fc5ac4fab909bf00efb02e
211,Fingers Crossed,https://i.scdn.co/image/ab67616d0000b273fa8347d023a30f66544e93f0
212,Cloudy Day,https://i.scdn.co/image/ab67616d0000b273d2cf6639f08099bdb14e388d
213,Imagine - Tiësto Remix,https://i.scdn.co/image/ab67616d0000b273426438bcc41019829741c262
214,Lose Somebody,https://i.scdn.co/image/ab67616d0000b27380368f0aa8f90c51674f9dd2
215,Going Dumb,https://i.scdn.co/image/ab67616d0000b273b90ea2c8f89de2b22afb0bed
216,Silence,https://i.scdn.co/image/ab67616d0000b273f33ba583059dc2f7d08bf2b8
217,I'm a Mess,https://i.scdn.co/image/ab67616d0000b27361fe6d3a50c0beaa3cfe33e9
218,"Alone, Pt. II",https://i.scdn.co/image/ab67616d0000b273df9a35baaa98675256b35177
219,Selfish Love (with Selena Gomez),https://i.scdn.co/image/ab67616d0000b2730a4a6bb7959ab3a38ff60324
220,Symphony (feat. Zara Larsson),https://i.scdn.co/image/ab67616d0000b27337fb0680110fbb107740de5d
221,Gone Are The Days (feat. James Gillespie),https://i.scdn.co/image/ab67616d0000b273c5ebb5d70f71435fa7298607
222,Midnight (feat. Liam Payne),https://i.scdn.co/image/ab67616d0000b273107d930ebe7cba0ff31c605c
223,More Than You Know,https://i.scdn.co/image/ab67616d0000b273fba6de0b38b0168d480b1a27
224,The Best Days (feat. Tabitha),https://i.scdn.co/image/ab67616d0000b27311d1524a32dcdc5eea3011fb
225,Lonely (with benny blanco),https://i.scdn.co/image/ab67616d0000b273e6f407c7f3a0ec98845e4431
226,Drag Me Down,https://i.scdn.co/image/ab67616d0000b273241e4fe75732c9c4b49b94c3
227,Lose My Mind,https://i.scdn.co/image/ab67616d0000b273bed9c7b9e33025a81d4d02e4
228,Body Back (feat. Maia Wright) - Deniz Koyu Remix,https://i.scdn.co/image/ab67616d0000b273813c8eb7e9ae3e0b877eca97
229,Think About You - Galantis Remix,https://i.scdn.co/image/ab67616d0000b2737cefc6901f6df66deeaac9d0
230,No Money,https://i.scdn.co/image/ab67616d0000b27371340c55289f59acb3ecd40f
231,Playing Mr. Ganz,https://i.scdn.co/image/ab67616d0000b2735c31c2a42a670aef0c883c43
232,Ceiling Games,https://i.scdn.co/image/ab67616d0000b2735c31c2a42a670aef0c883c43
233,First Day At School,https://i.scdn.co/image/ab67616d0000b2735c31c2a42a670aef0c883c43
234,The Green Pills,https://i.scdn.co/image/ab67616d0000b2735c31c2a42a670aef0c883c43
235,Kentucky State Championship 1963,https://i.scdn.co/image/ab67616d0000b2735c31c2a42a670aef0c883c43
236,Top Boards,https://i.scdn.co/image/ab67616d0000b2735c31c2a42a670aef0c883c43
237,Playing Townes,https://i.scdn.co/image/ab67616d0000b2735c31c2a42a670aef0c883c43
238,Playing Beltik,https://i.scdn.co/image/ab67616d0000b2735c31c2a42a670aef0c883c43
239,The Lake - Cincinnati,https://i.scdn.co/image/ab67616d0000b2735c31c2a42a670aef0c883c43
240,Playing Benny - Las Vegas 1966,https://i.scdn.co/image/ab67616d0000b2735c31c2a42a670aef0c883c43
241,Two Sides Of The Same Coin,https://i.scdn.co/image/ab67616d0000b2735c31c2a42a670aef0c883c43
242,Mexico City Invitational 1966,https://i.scdn.co/image/ab67616d0000b2735c31c2a42a670aef0c883c43
243,Playing Girev I,https://i.scdn.co/image/ab67616d0000b2735c31c2a42a670aef0c883c43
244,Playing Girev II,https://i.scdn.co/image/ab67616d0000b2735c31c2a42a670aef0c883c43
245,Borgov I,https://i.scdn.co/image/ab67616d0000b2735c31c2a42a670aef0c883c43
246,Beth Alone,https://i.scdn.co/image/ab67616d0000b2735c31c2a42a670aef0c883c43
247,Ohio US Championship 1967,https://i.scdn.co/image/ab67616d0000b2735c31c2a42a670aef0c883c43
248,New York,https://i.scdn.co/image/ab67616d0000b273ff3e3dcc8b72e3315b7a04d9
249,Training With Benny,https://i.scdn.co/image/ab67616d0000b2735c31c2a42a670aef0c883c43
250,Paris Tournament 1967,https://i.scdn.co/image/ab67616d0000b2735c31c2a42a670aef0c883c43
251,Borgov II,https://i.scdn.co/image/ab67616d0000b2735c31c2a42a670aef0c883c43
252,Jolene!,https://i.scdn.co/image/ab67616d0000b2735c31c2a42a670aef0c883c43
253,Returning To Methuen,https://i.scdn.co/image/ab67616d0000b2735c31c2a42a670aef0c883c43
254,Turning Point,https://i.scdn.co/image/ab67616d0000b2732dd26b559e67903ae54235ef
255,USSR,https://i.scdn.co/image/ab67616d0000b27333f6ecba8b25a4cd94ec7451
256,Moscow Invitational 1968,https://i.scdn.co/image/ab67616d0000b2735c31c2a42a670aef0c883c43
257,Close Your Eyes,https://i.scdn.co/image/ab67616d0000b2733ca2eeb7baa9b25a1ce36b26
258,Borgov III,https://i.scdn.co/image/ab67616d0000b2735c31c2a42a670aef0c883c43
259,The Final Game,https://i.scdn.co/image/ab67616d0000b2735c31c2a42a670aef0c883c43
260,"Take It, It's Yours",https://i.scdn.co/image/ab67616d0000b2735c31c2a42a670aef0c883c43
261,By Your Side,https://i.scdn.co/image/ab67616d0000b27320fc6951e4d293707de2434c
262,Throwback,https://i.scdn.co/image/ab67616d0000b2737f034792f2dcb18d3c2b855c
263,2 Hearts (feat. Gia Koka),https://i.scdn.co/image/ab67616d0000b273103301a7b8a2ad637c0d73d7
264,Hear Me Say,https://i.scdn.co/image/ab67616d0000b2731a45582b69e744e45e46a7ca
265,Speechless (feat. Erika Sirola) - MOTi Remix,https://i.scdn.co/image/ab67616d0000b273e2e0416c2e0a83b1cf47b040
266,Higher (feat. iann dior) - Dimitri Vegas & Like Mike Remix,https://i.scdn.co/image/ab67616d0000b273a06e5625f800c0af4ed1bc6f
267,Dandelions,https://i.scdn.co/image/ab67616d0000b27397e971f3e53475091dc8d707
268,Too Late (feat. Wiz Khalifa & Lukas Graham) - Riggi & Piros Remix,https://i.scdn.co/image/ab67616d0000b273e62e1ccd378b4a90931eb82a
269,Falling,https://i.scdn.co/image/ab67616d0000b273f3508855e1fd44d447a3413b
270,Space Melody (Edward Artemyev) (feat. Leony),https://i.scdn.co/image/ab67616d0000b273a406e667a19401dc05bcf304
271,Another Life (feat. Alida),https://i.scdn.co/image/ab67616d0000b2735b6ad55d3ebb8358fff7b3e0
272,Way Back Home (feat. Conor Maynard) - Sam Feldt Edit,https://i.scdn.co/image/ab67616d0000b27391994452af66b672954b6eb4
273,Faded - Luke Christopher Remix,https://i.scdn.co/image/ab67616d0000b2730aacfea72fdb370310613aec
274,Without You,https://i.scdn.co/image/ab67616d0000b2734687bc7a0bda65c282c13afa
275,Be Kind (with Halsey),https://i.scdn.co/image/ab67616d0000b273fdf2e993e10e67396b3bf759
276,Cheerleader - Felix Jaehn Remix Radio Edit,https://i.scdn.co/image/ab67616d0000b27385ca00029c70d6b5b8372e96
277,Daylight,https://i.scdn.co/image/ab67616d0000b273e40c514edddb844439af6201
278,All We Need (feat. Shy Girls) - Dzeko & Torres Remix Radio Edit,https://i.scdn.co/image/ab67616d0000b2731cb7abd73512578381b6a7f7
279,SOS (feat. Aloe Blacc),https://i.scdn.co/image/ab67616d0000b273660ee24281a547103f466ff5
280,Hearts on Fire - CORSAK & Willim Remix,https://i.scdn.co/image/ab67616d0000b2735235356530037f36494840a1
281,You Know You Like It,https://i.scdn.co/image/ab67616d0000b273567a71695181017949f14f99
282,Fast Car,https://i.scdn.co/image/ab67616d0000b273ca650d3a95022e0490434ba1
283,Sixteen,https://i.scdn.co/image/ab67616d0000b2738bbea9fbdb68b329c1228e25
284,In the Name of Love,https://i.scdn.co/image/ab67616d0000b2738c77bcf5f5a227d270d23370
285,Sweet Dreams,https://i.scdn.co/image/ab67616d0000b273318241eacbdaee4d0f9c4316
286,Summer Thing,https://i.scdn.co/image/ab67616d0000b27366fe9949f7a1c0731125a5e3
287,Whole Life,https://i.scdn.co/image/ab67616d0000b273fac46de3e7266f3d1717f664
288,Don't Wanna Fall,https://i.scdn.co/image/ab67616d0000b273229674bb044ec4ae60bf2a50
289,Excitement (feat. PARTYNEXTDOOR),https://i.scdn.co/image/ab67616d0000b27343110d0447851b7d5737a7e9
290,"Body (Remix) [feat. ArrDee, E1 (3x3), ZT (3x3), Bugzy Malone, Buni, Fivio Foreign & Darkoo]",https://i.scdn.co/image/ab67616d0000b273b8ea4b876287cbbb519ac0fc
291,Stressed Out,https://i.scdn.co/image/ab67616d0000b2732df0d98a423025032d0db1f7
292,"Beauty and the Beast - from the Soundtrack ""Beauty and the Beast""",https://i.scdn.co/image/ab67616d0000b273c2e1dc3683211f1240ea8dd2
293,Another Love - Radio Edit,https://i.scdn.co/image/ab67616d0000b2730c6c995755a55cc312bbf81f
294,working,https://i.scdn.co/image/ab67616d0000b2738a01c7b77a34378a62f46402
295,Reckless,https://i.scdn.co/image/ab67616d0000b273fe32f37b07c7894097aafd52
296,Solar Power,https://i.scdn.co/image/ab67616d0000b27336615a0a60523dd62135ab3a
297,cold/mess,https://i.scdn.co/image/ab67616d0000b2738155c99a241d4c57b2c3f88d
298,Kho Gaye Hum Kahan,https://i.scdn.co/image/ab67616d0000b273edfe45782ad611717d77b2ee
299,i don't want to watch the world end with someone else,https://i.scdn.co/image/ab67616d0000b27392ce45bc46589e10ec452085
300,Knock Knock,https://i.scdn.co/image/ab67616d0000b273836dfeeabc0e33ace0227d47
301,Hula Hoop,https://i.scdn.co/image/ab67616d0000b27385ca00029c70d6b5b8372e96
302,Pasadena,https://i.scdn.co/image/ab67616d0000b273560a43392fff47dfdd7519f1
303,Feel Something,https://i.scdn.co/image/ab67616d0000b273a9897f65d1ead1be10a51e3f
304,Nothing's the Same,https://i.scdn.co/image/ab67616d0000b273b5b0a50f80e21a5593c5aa4d
305,You Should Run,https://i.scdn.co/image/ab67616d0000b27356b8013cd1ff06cb3dce4390
306,Poison,https://i.scdn.co/image/ab67616d0000b2730ce91190aaea70dd4fe020c4
307,DRXGS - Rawtek Remix,https://i.scdn.co/image/ab67616d0000b2737e11203c0b52fb72c3da0ff7
308,Shade of Yellow,https://i.scdn.co/image/ab67616d0000b273a86addb6aaa841a3011ca585
309,Black Hole,https://i.scdn.co/image/ab67616d0000b2732aaa9372a6922e6e3575d828
310,FEFE,https://i.scdn.co/image/ab67616d0000b2730a4da3f1a72e4ecaabb76370
311,Magic,https://i.scdn.co/image/ab67616d0000b27335007bd796b1020b6f1fd816
312,Look at the Sky,https://i.scdn.co/image/ab67616d0000b273cc488ae780ca22c0ba8b9f28
313,So What (feat. A R I Z O N A),https://i.scdn.co/image/ab67616d0000b273976e5d846eafd977a8fa6dbb
314,Taste of You (feat. Dove Cameron),https://i.scdn.co/image/ab67616d0000b27352ef90ae4b6373ff9aa821bb
315,Deep Blue,https://i.scdn.co/image/ab67616d0000b27380ebce41193dc3cdde3f0881
316,Gasoline (feat. Laura White),https://i.scdn.co/image/ab67616d0000b2736dadaf428d27bfc813646f86
317,In Your Arms (with X Ambassadors),https://i.scdn.co/image/ab67616d0000b273529c6fa82d23f65076c1579b
318,WOW (with Emma Steinbakken),https://i.scdn.co/image/ab67616d0000b2730a1d98c5d3a651027597048c
319,Shut The World Out,https://i.scdn.co/image/ab67616d0000b2736d2ea01f1b5163f4a0df48a2
320,Moon Rider (feat. Wrabel),https://i.scdn.co/image/ab67616d0000b2731ab5b89f4f46446974caf32d
321,I Love You.,https://i.scdn.co/image/ab67616d0000b2736a2e7f7613210a6397e854f5
322,Good Things Fall Apart (with Jon Bellion),https://i.scdn.co/image/ab67616d0000b273529c6fa82d23f65076c1579b
323,UCLA,https://i.scdn.co/image/ab67616d0000b273ca68767b46b7b794e8633450
324,The Bender (with Brando),https://i.scdn.co/image/ab67616d0000b27393a94aa67f5021ad56ed8fa1
325,Sweet Time,https://i.scdn.co/image/ab67616d0000b2733583ee367f5456ac587654f9
326,Big Love (with EARTHGANG & MNDR),https://i.scdn.co/image/ab67616d0000b273e3f5de1e0dc2f8574eba1448
327,Lost,https://i.scdn.co/image/ab67616d0000b273fd4ccaa0be6ceddd41f57eb3
328,Someone To You,https://i.scdn.co/image/ab67616d0000b273f1bff89049561177b7cccebb
329,Dernière Danse,https://i.scdn.co/image/ab67616d0000b2734ae8ff731c49965bf2083405
330,Summer Air,https://i.scdn.co/image/ab67616d0000b273f36bfc7610838555198073f3
331,Impossible,https://i.scdn.co/image/ab67616d0000b273192221f838b7b6b9cb4629bf
332,Get Together,https://i.scdn.co/image/ab67616d0000b27302e56b9b5767b13dc2c51c70
333,Enjoy Enjaami - Spotify Singles (with Dhee feat. Arivu & Santhosh Narayanan),https://i.scdn.co/image/ab67616d0000b273bc404153ef5f169a39b1deaf
334,Weekend Vibe (feat. Desi Crew),https://i.scdn.co/image/ab67616d0000b27344dbbe93532454f539187cb0
335,YUSO (feat. Lil Wayne & Saweetie),https://i.scdn.co/image/ab67616d0000b2734a5a0a944cb5bf49508e6528
336,Wolves (feat. Post Malone),https://i.scdn.co/image/ab67616d0000b273b1b3fdd23be4c158d4d2c32f
337,New Love (feat. Ellie Goulding),https://i.scdn.co/image/ab67616d0000b273658743f7cfc745e08cc6c993
338,My House - Chill Mix,https://i.scdn.co/image/ab67616d0000b273dcc4c108266da9897c176262
339,Lost,https://i.scdn.co/image/ab67616d0000b273fd4ccaa0be6ceddd41f57eb3
340,Slow Clap (with Saweetie),https://i.scdn.co/image/ab67616d0000b27361b818cd9a6de67dafd178db
341,Glad You Came,https://i.scdn.co/image/ab67616d0000b27317a142a78128fb7c54ab9aa4
342,Smile (with The Weeknd),https://i.scdn.co/image/ab67616d0000b2733e0698e4ae5ffb82a005aeeb
343,Wishing Well,https://i.scdn.co/image/ab67616d0000b2733e0698e4ae5ffb82a005aeeb
344,Real Shit (with benny blanco),https://i.scdn.co/image/ab67616d0000b273147c68fd1aca248ed8847dcb
345,Shots,https://i.scdn.co/image/ab67616d0000b2739963af59402765ccc5d34757
346,Stitches,https://i.scdn.co/image/ab67616d0000b273d26246b23c8bfa8ce543b3bb
347,There's Nothing Holdin' Me Back,https://i.scdn.co/image/ab67616d0000b273ea3ef7697cfd5705b8f47521
348,Lost In Japan,https://i.scdn.co/image/ab67616d0000b273269423eb6467e308c0fbce24
349,Treat You Better,https://i.scdn.co/image/ab67616d0000b2731376b4b16f4bfcba02dc571b
350,Señorita - Slowed + Reverb,https://i.scdn.co/image/ab67616d0000b27377d45f4f56a3455ea2a6e850
351,Señorita,https://i.scdn.co/image/ab67616d0000b2730acb5a72549287bf33b51b71
352,Real Love,https://i.scdn.co/image/ab67616d0000b273817c4738f30e101af5b4d1a1
353,Beside You (feat. Georgia Ku),https://i.scdn.co/image/ab67616d0000b273b653d47e0595da51f4c7f371
354,Don't Wanna Know - Ryan Riback Remix,https://i.scdn.co/image/ab67616d0000b27393349393c61058de7e7d139d
355,We're Coming Up,https://i.scdn.co/image/ab67616d0000b273893553397f8eca475b821728
356,Floating Through Space,https://i.scdn.co/image/ab67616d0000b2739ad7b6d6069896719edfbf58
357,In My Blood,https://i.scdn.co/image/ab67616d0000b273269423eb6467e308c0fbce24
358,Memories,https://i.scdn.co/image/ab67616d0000b27386a8ab515de4b7aef28cd631
359,Imagination,https://i.scdn.co/image/ab67616d0000b2732d6a4125a1d62dc6185f74ea
360,Rescue Me,https://i.scdn.co/image/ab67616d0000b2732e2889865b7b05955c1d3bcf
361,How Do You Sleep?,https://i.scdn.co/image/ab67616d0000b27376bc1c851462191faec76bf8
362,Rewrite The Stars,https://i.scdn.co/image/ab67616d0000b273c4e9d12d9ccdd7e48d2a0329
363,Dusk Till Dawn (feat. Sia) - Radio Edit,https://i.scdn.co/image/ab67616d0000b2732bdcb339402ebd78651f09c8
364,ME! (feat. Brendon Urie of Panic! At The Disco),https://i.scdn.co/image/ab67616d0000b273e787cffec20aa2a396a61647
365,Love Me Like You Do,https://i.scdn.co/image/ab67616d0000b2736bdee14242f244d9d6ddf2fd
366,It's You,https://i.scdn.co/image/ab67616d0000b27302cb4044812ffa1f3c2369dc
367,Break My Heart,https://i.scdn.co/image/ab67616d0000b2734bc66095f8a70bc4e6593f4f
368,Beautiful People (feat. Khalid),https://i.scdn.co/image/ab67616d0000b273358f874d5d31e76a8fe3f6d0
369,Liar,https://i.scdn.co/image/ab67616d0000b2735f53c0dbe5190a0af0fa28f3
370,Sucker,https://i.scdn.co/image/ab67616d0000b273de1a3a5eaa0c75bb18e7b597
371,Cheating on You,https://i.scdn.co/image/ab67616d0000b2738de02872d0f01145d616ca6f
372,Back To You - From 13 Reasons Why – Season 2 Soundtrack,https://i.scdn.co/image/ab67616d0000b27330885dcb2b5f38512fbcbc59
373,Happier,https://i.scdn.co/image/ab67616d0000b273a91c10fe9472d9bd89802e5a
374,So Am I (feat. NCT 127),https://i.scdn.co/image/ab67616d0000b273e5a30974273430ec82920360
375,Personal,https://i.scdn.co/image/ab67616d0000b273f74a26b9b62a6a98e56a84e3
376,That Girl,https://i.scdn.co/image/ab67616d0000b2731bf8096876ca5223e4e96eac
377,Woman Like Me (feat. Nicki Minaj),https://i.scdn.co/image/ab67616d0000b27315174e2b2347b5ffbea6dbf0
378,Best Part of Me (feat. YEBBA),https://i.scdn.co/image/ab67616d0000b27373304ce0653c7758dd94b259
379,Watermelon Sugar,https://i.scdn.co/image/ab67616d0000b27377fdcfda6535601aff081b6a
380,Sing It With Me,https://i.scdn.co/image/ab67616d0000b273b83f07334d43dff80438ec2e
381,If I Can't Have You - Gryffin Remix,https://i.scdn.co/image/ab67616d0000b273d58106bbe19331fb4306a248
382,Looking at Me,https://i.scdn.co/image/ab67616d0000b273f22e1263704f24cb504700ea
383,I Got You - Cheat Codes Remix,https://i.scdn.co/image/ab67616d0000b273ef12737a8c4721e460ba9152
384,Choo Lo,https://i.scdn.co/image/ab67616d0000b2738e001d2d4b55039b545d047e
385,Dil Mere,https://i.scdn.co/image/ab67616d0000b2738e001d2d4b55039b545d047e
386,Aaftaab,https://i.scdn.co/image/ab67616d0000b27373c6514b296e0b53dc7b75b3
387,Aaoge Tum Kabhi,https://i.scdn.co/image/ab67616d0000b2738e001d2d4b55039b545d047e
388,Khudi,https://i.scdn.co/image/ab67616d0000b27373c6514b296e0b53dc7b75b3
389,Dilnawaz,https://i.scdn.co/image/ab67616d0000b27373c6514b296e0b53dc7b75b3
390,Kaisey Jiyun,https://i.scdn.co/image/ab67616d0000b2738e001d2d4b55039b545d047e
391,Mizaaj,https://i.scdn.co/image/ab67616d0000b27373c6514b296e0b53dc7b75b3
392,Mere Yaar,https://i.scdn.co/image/ab67616d0000b27301da1830a32f9bae37838351
393,Solo (feat. Demi Lovato),https://i.scdn.co/image/ab67616d0000b27367eda217860e86c43481a5cb
394,Say My Name,https://i.scdn.co/image/ab67616d0000b27367e400c9be79e6b0b0086880
395,We Don't Care,https://i.scdn.co/image/ab67616d0000b273e77aece1352dcc4f4cfd097f
396,Without You (feat. Sandro Cavazza),https://i.scdn.co/image/ab67616d0000b273a26cc58b4d64c2ece3376389
397,"Taki Taki (feat. Selena Gomez, Ozuna & Cardi B)",https://i.scdn.co/image/ab67616d0000b273caf82abb2338880577e472be
398,2002,https://i.scdn.co/image/ab67616d0000b27338aae75dc37fb42457866ffd
399,Rewrite The Stars (with James Arthur & Anne-Marie),https://i.scdn.co/image/ab67616d0000b273fdcd66dc526a25e1555ae81d
400,Girls Like You (feat. Cardi B) - Cardi B Version,https://i.scdn.co/image/ab67616d0000b273deae7d931928fc1543e70203
401,Happy Now,https://i.scdn.co/image/ab67616d0000b27341e9614560815b11c1ca543d
402,No Lie,https://i.scdn.co/image/ab67616d0000b2732d564195ed3dd7b70d64862c
403,Just My Type,https://i.scdn.co/image/ab67616d0000b2730c232fde2858d83554d58841
404,Lonely Together (feat. Rita Ora),https://i.scdn.co/image/ab67616d0000b2731c3735d4f11c1ab33189f019
405,I Like Me Better,https://i.scdn.co/image/ab67616d0000b273c2f8018c984a8acb592bc7d8
406,Timber (feat. Ke$ha),https://i.scdn.co/image/ab67616d0000b27311ea1ade3a8e55c99a3c3c32
407,Black Mask (feat. Pop Smoke),https://i.scdn.co/image/ab67616d0000b273423b50ba75dec5d27568fbb8
408,Lost,https://i.scdn.co/image/ab67616d0000b273fd4ccaa0be6ceddd41f57eb3
409,Chain My Heart,https://i.scdn.co/image/ab67616d0000b2738a5169176053574bb1d0a65b
410,Eastside (with Halsey & Khalid),https://i.scdn.co/image/ab67616d0000b273693dbf001d5b2d06ad9e5f4d
411,Sky,https://i.scdn.co/image/ab67616d0000b2732737be35cc5245eef495be90
412,Bad Habits,https://i.scdn.co/image/ab67616d0000b273ef24c3fdbf856340d55cfeb2
413,I Don't Do Drugs (feat. Ariana Grande),https://i.scdn.co/image/ab67616d0000b273be841ba4bc24340152e3a79a
414,18,https://i.scdn.co/image/ab67616d0000b27399ed960a0c8767198eb44743
415,You Right,https://i.scdn.co/image/ab67616d0000b273be841ba4bc24340152e3a79a
416,dancing in the kitchen,https://i.scdn.co/image/ab67616d0000b2732d9e8e3e016cf68d53536c64
417,Let Me Know,https://i.scdn.co/image/ab67616d0000b27365cdde209182a354c3766031
418,Funny,https://i.scdn.co/image/ab67616d0000b27387bb3e23ce2c48c8fdd44ec8
419,BED,https://i.scdn.co/image/ab67616d0000b273276ce856b01e1590c0991850
420,No Chill (feat. Lil Xxel),https://i.scdn.co/image/ab67616d0000b273d0a42d369e76cfb73d5007ee
421,Unfamiliar,https://i.scdn.co/image/ab67616d0000b2733d0bc82dc4c22b53d4199cd8
422,Feels,https://i.scdn.co/image/ab67616d0000b2731fb6420387b8d2a39ee5cf93
423,Demons,https://i.scdn.co/image/ab67616d0000b273407bd04707c463bbb3410737
424,"Pavane, Op. 50",https://i.scdn.co/image/ab67616d0000b273d2f034d0538c6fd971f07e3a
425,Merry-Go-Round(人生のメリーゴーランド),https://i.scdn.co/image/ab67616d0000b273060033347b2f252119f700bc
426,Scheherazade: The Tale of the Kalendar Prince,https://i.scdn.co/image/ab67616d0000b273734ead825eec82e0d13a7378
427,Masquerade (Suite): 1. Waltz - Excerpt,https://i.scdn.co/image/ab67616d0000b273ac94eec5d5469a0e533c8af0
428,"Violin Concerto in D Major, Op. posth., No. 2: Adagio",https://i.scdn.co/image/ab67616d0000b273dbb64629c30ec79b136b284f
429,I Want It That Way,https://i.scdn.co/image/ab67616d0000b2732160c02bc56f192df0f4986b
430,Aicha,https://i.scdn.co/image/ab67616d0000b273f5f1e5ffa33c441de641760d
431,"Flightless Bird, American Mouth",https://i.scdn.co/image/ab67616d0000b273816243514f01ac30d0932622
432,A Sky Full of Stars,https://i.scdn.co/image/ab67616d0000b273e5a95573f1b91234630fd2cf
433,Renegades,https://i.scdn.co/image/ab67616d0000b27345b5aedf82fd7fa05ef5ad11
434,Maps,https://i.scdn.co/image/ab67616d0000b27337677af5b4f23fe9dc8a3c04
435,Shots - Broiler Remix,https://i.scdn.co/image/ab67616d0000b273fc4fd5caca9f1dc4a3b0460a
436,Ode To My Family,https://i.scdn.co/image/ab67616d0000b27372d481a5999197ef5f42f796
437,Zombie,https://i.scdn.co/image/ab67616d0000b27372d481a5999197ef5f42f796
438,Linger,https://i.scdn.co/image/ab67616d0000b273f6325f361d7803ad0d908451
439,In Cold Light (Alexandra Hamilton-Ayres Rework),https://i.scdn.co/image/ab67616d0000b273ee942b9044a125f57462f3ef
440,Back To The Sky,https://i.scdn.co/image/ab67616d0000b273e2884db98b0ef093e43f4442
441,Wandering II - Ed Carlsen Rework,https://i.scdn.co/image/ab67616d0000b2736ed951df77aed4f3e9563a41
442,Retour,https://i.scdn.co/image/ab67616d0000b27387fa255e69ee8d19f85f1b51
443,"Mere Rashke Qamar (From ""Baadshaho"")",https://i.scdn.co/image/ab67616d0000b2733b9abd319170669650cd2fb4
444,I Don't Know Why,https://i.scdn.co/image/ab67616d0000b273d766fd9e96ce4be7776759a4
445,Break Me Down,https://i.scdn.co/image/ab67616d0000b2735359c2e3b818c85e7437fe41
446,On My Life,https://i.scdn.co/image/ab67616d0000b273f0501dd6866fcf2777475691
447,Round and Round,https://i.scdn.co/image/ab67616d0000b2736b9f1c7c3c36c5c83cfb9f3b
448,Let You Know,https://i.scdn.co/image/ab67616d0000b273039377adf8cf589d72d9ad28
449,Strong,https://i.scdn.co/image/ab67616d0000b27326f7f19c7f0381e56156c94a
450,"Ghalat Fehmi - From ""Superstar""",https://i.scdn.co/image/ab67616d0000b2733e47c50990387d718ff4d845
451,Tera Ghata,https://i.scdn.co/image/ab67616d0000b2736e7aabc7eaf60f2c1eee2b16
452,Titans (feat. Sia & Labrinth) - Imanbek Remix,https://i.scdn.co/image/ab67616d0000b2732624d3fba3c4abfef284e689
453,Hero,https://i.scdn.co/image/ab67616d0000b273b7e0173842c5e101719d698a
454,Aakhri Salaam,https://i.scdn.co/image/ab67616d0000b27373c6514b296e0b53dc7b75b3
455,Yeh Zindagi Hai,https://i.scdn.co/image/ab67616d0000b2738e001d2d4b55039b545d047e
456,Bandey,https://i.scdn.co/image/ab67616d0000b2735cd31847e786b7e1e185e062
457,All I Wanna Do,https://i.scdn.co/image/ab67616d0000b27382ecc5ea89bf34479a71a297
458,"Even When/The Best Part - From ""High School Musical: The Musical: The Series (Season 2)""",https://i.scdn.co/image/ab67616d0000b273dbdb05bb6acfa1f389d888f7
459,Run,https://i.scdn.co/image/ab67616d0000b27386eb61be5784dcfbff4ed1ad
460,Your Power,https://i.scdn.co/image/ab67616d0000b2732a038d3bf875d23e4aeaa84e
461,Electric - Pokemon 25 Version,https://i.scdn.co/image/ab67616d0000b27390acd1669192dc34cae79608
462,FUCKBOY,https://i.scdn.co/image/ab67616d0000b2732b7229d3fc3b5d66f8c61972
463,drivers license,https://i.scdn.co/image/ab67616d0000b273a91c10fe9472d9bd89802e5a
464,Don't Start Now,https://i.scdn.co/image/ab67616d0000b2734bc66095f8a70bc4e6593f4f
465,Anyone,https://i.scdn.co/image/ab67616d0000b273e6f407c7f3a0ec98845e4431
466,Monster (Shawn Mendes & Justin Bieber),https://i.scdn.co/image/ab67616d0000b27312e57573cbc551c187a96107
467,Goodbye,https://i.scdn.co/image/ab67616d0000b273f2a9cbf09bcd5d047218c6d2
468,"The Rose Song - From ""High School Musical: The Musical: The Series (Season 2)""",https://i.scdn.co/image/ab67616d0000b2737af5db634c578059a292cec0
469,exile (feat. Bon Iver),https://i.scdn.co/image/ab67616d0000b27395f754318336a07e85ec59bc
470,Death By A Thousand Cuts - Live From Paris,https://i.scdn.co/image/ab67616d0000b2737864c044d3fa4ac3814ca667
471,Look What You Made Me Do,https://i.scdn.co/image/ab67616d0000b273da5d5aeeabacacc1263c0f4b
472,long story short,https://i.scdn.co/image/ab67616d0000b27333b8541201f1ef38941024be
473,closure,https://i.scdn.co/image/ab67616d0000b273db94c82db2d786cd9e03a538
474,Fifteen,https://i.scdn.co/image/ab67616d0000b273a48964b5d9a3d6968ae3e0de
475,Sexy Bitch (feat. Akon),https://i.scdn.co/image/ab67616d0000b273444d1ba6cd088e28bccee374
476,Party Rock Anthem,https://i.scdn.co/image/ab67616d0000b2731db908d5f66645cb158837ca
477,New Thang,https://i.scdn.co/image/ab67616d0000b273b4993adcf493566cfa67fac0
478,Counting Stars,https://i.scdn.co/image/ab67616d0000b2739e2f95ae77cf436017ada9cb
479,Feel Good (feat. Daya),https://i.scdn.co/image/ab67616d0000b2730a19c753760d231f6b223fa7
480,2U (feat. Justin Bieber),https://i.scdn.co/image/ab67616d0000b27345c5570d4a66346d8f683913
481,Pretty Please,https://i.scdn.co/image/ab67616d0000b273048d847f67902917cee10e19
482,Fractures,https://i.scdn.co/image/ab67616d0000b273132018693b0dc6095d18cf96
483,Galway Girl,https://i.scdn.co/image/ab67616d0000b273ba5db46f4b838ef6027e6f96
484,Locked Away (feat. Adam Levine),https://i.scdn.co/image/ab67616d0000b2739519b1a9e2b552407e65b01a
485,Show Me Love,https://i.scdn.co/image/ab67616d0000b2739263dc4504ccf1b02899d9ae
486,Let You Down,https://i.scdn.co/image/ab67616d0000b273cd733919ee57d0cc466e152f
487,Kiss and Make Up,https://i.scdn.co/image/ab67616d0000b2737833c9a792ad032d788d4011
488,Sweet Harmony,https://i.scdn.co/image/ab67616d0000b2732e206f9c4fd97b7687a67326
489,Talk To Me (feat. Conor Maynard & RANI) - Sam Feldt Edit,https://i.scdn.co/image/ab67616d0000b273203311d7aa3bb77b2ab05a23
490,Arcade (feat. FLETCHER),https://i.scdn.co/image/ab67616d0000b2731b55c3257d316d184d641800
491,Revolver,https://i.scdn.co/image/ab67616d0000b273ed63f58fbdcec542dd3ca298
492,All Too Well,https://i.scdn.co/image/ab67616d0000b273563151cc3a0528d8228998c8
493,Die For a Man (feat. Lil Uzi Vert),https://i.scdn.co/image/ab67616d0000b273ffc59c9106b0fef7f9ddbb8f
494,Telling Myself,https://i.scdn.co/image/ab67616d0000b27385eb4ebc8c651f1f85857b73
495,I Would Like - R3hab Remix,https://i.scdn.co/image/ab67616d0000b2735dd8571b487e941f23ba0970
496,Diamonds,https://i.scdn.co/image/ab67616d0000b2736dee21d6cd1823e4d6231d37
497,Agar Tum Saath Ho,https://i.scdn.co/image/ab67616d0000b273da50894e074ecd5ce61de0a1
498,Agar Tum Mil Jao,https://i.scdn.co/image/ab67616d0000b27325055b41603705c1172409da
499,I'm Not Mad,https://i.scdn.co/image/ab67616d0000b273309b0cb81728d42a6dfb2b81
500,Main Rahoon Ya Na Rahoon,https://i.scdn.co/image/ab67616d0000b273899494fd2fbd757674459af3
501,Scars To Your Beautiful,https://i.scdn.co/image/ab67616d0000b2730a48794d471447a030998815
502,IDK You Yet,https://i.scdn.co/image/ab67616d0000b273fe03064db12346c962cd0c56
503,A Little Bit Yours,https://i.scdn.co/image/ab67616d0000b273e19d9c548f323ab0f0299d36
504,Everyone Changes,https://i.scdn.co/image/ab67616d0000b27370265e464ae9e06870ebf415
505,Bad boy,https://i.scdn.co/image/ab67616d0000b2739b93b7071e8f0d9e14aa5d1c
506,Ransom (with Juice WRLD) - Remix,https://i.scdn.co/image/ab67616d0000b273bd69bbde4aeee723d6d08058
507,Startender (feat. Offset and Tyga),https://i.scdn.co/image/ab67616d0000b273a5c7151899ae5da4f4382d54
508,Fire On Fire,https://i.scdn.co/image/ab67616d0000b2730d1f3930676c34a23dbf5c46
509,Neighbor (feat. Travis Scott),https://i.scdn.co/image/ab67616d0000b273be9e4aa392e12ffe1cfbccd7
510,One More Time (feat. Alida) - Klingande Remix,https://i.scdn.co/image/ab67616d0000b273d7ab65a8f8e002229fcf08d4
511,Talk,https://i.scdn.co/image/ab67616d0000b273f6b55ca93bd33211227b502b
512,Can't Go Home (feat. Adam Lambert) - Radio Edit,https://i.scdn.co/image/ab67616d0000b273f19d3411260d92d9464b982a
513,(They Long To Be) Close To You,https://i.scdn.co/image/ab67616d0000b273f33f1738a2764489750e3535
514,We Don't Talk Anymore (feat. Selena Gomez) - Attom Remix,https://i.scdn.co/image/ab67616d0000b273361cda878af9f705bf7c55d1
515,Worship,https://i.scdn.co/image/ab67616d0000b273a43273c6be8d0667d3732391
516,Jar of Hearts,https://i.scdn.co/image/ab67616d0000b27326a2f5224465a369f8abbf88
517,Echo (feat. blackbear),https://i.scdn.co/image/ab67616d0000b27386a8ab515de4b7aef28cd631
518,Sometimes,https://i.scdn.co/image/ab67616d0000b273d888f2eef159a1ed846c2870
519,Spirits,https://i.scdn.co/image/ab67616d0000b273bfa12b3e57b6f5a21f2959fd
520,This One's for You (feat. Zara Larsson) (Official Song UEFA EURO 2016),https://i.scdn.co/image/ab67616d0000b273c052c52bc0218b778ca136f5
521,Love Yourself,https://i.scdn.co/image/ab67616d0000b273f46b9d202509a8f7384b90de
522,Play Hard (feat. Ne-Yo & Akon) - New Edit,https://i.scdn.co/image/ab67616d0000b2737f9e5fda879c2f5c95a4f771
523,Shallow,https://i.scdn.co/image/ab67616d0000b273e2d156fdc691f57900134342
524,Heathens,https://i.scdn.co/image/ab67616d0000b2732ca3ba8f334ca5a5f0312efb
525,You And Me,https://i.scdn.co/image/ab67616d0000b2733bf0683f6ac36cc954339d03
526,Mine,https://i.scdn.co/image/ab67616d0000b273ad1595c0dbbac094f2d80bf5
527,In The Name Of Love - The Him Remix,https://i.scdn.co/image/ab67616d0000b273ef0e75a3b57e0f8b74da4a11
528,Nobody,https://i.scdn.co/image/ab67616d0000b27370dbc9f47669d120ad874ec1
529,Big Plans,https://i.scdn.co/image/ab67616d0000b27362fd63904246c5f1bf511baf
530,Train Wreck,https://i.scdn.co/image/ab67616d0000b27320beb61f61fcbeb33b10a9ab
531,My House,https://i.scdn.co/image/ab67616d0000b2737947bf3e8af32378de181b41
532,Secrets,https://i.scdn.co/image/ab67616d0000b2734718e2b124f79258be7bc452
533,1-800-273-8255,https://i.scdn.co/image/ab67616d0000b273cfdf40cf325b609a52457805
534,DRXGS,https://i.scdn.co/image/ab67616d0000b273b2c3e6a6672d7d30801fa951
535,All Time Low,https://i.scdn.co/image/ab67616d0000b2738519af1fdbf5ea0e702a8bd2
536,Real Friends,https://i.scdn.co/image/ab67616d0000b2736eb0b9e73adcf04e4ed3eca4
537,She Said,https://i.scdn.co/image/ab67616d0000b2730b59ef1bd83ef9d7080012ca
538,die without u,https://i.scdn.co/image/ab67616d0000b27377e3448162a99c226dbde292
539,New Rules,https://i.scdn.co/image/ab67616d0000b273838698485511bd9108fadadc
540,Stranger,https://i.scdn.co/image/ab67616d0000b2734756c2e9ae436437cd75e9f3
541,im all alone,https://i.scdn.co/image/ab67616d0000b2733ff73fe12e766d14fad2012b
542,Spin The Block (feat. Future),https://i.scdn.co/image/ab67616d0000b273cc252a21d0f26d9378f03ed6
543,detest me,https://i.scdn.co/image/ab67616d0000b273643fa774c7c88b9130639b38
544,Runaway,https://i.scdn.co/image/ab67616d0000b273c379325088c2845fe85cd70a
545,BedRock,https://i.scdn.co/image/ab67616d0000b273cad1e37b4b31b5484325acd3
546,Buy U a Drank (Shawty Snappin') (feat. Yung Joc),https://i.scdn.co/image/ab67616d0000b273baf2f329d4feeb19761eddf4
547,Heat Waves,https://i.scdn.co/image/ab67616d0000b273712701c5e263efc8726b1464
548,Let Them Know,https://i.scdn.co/image/ab67616d0000b273b1855c4e60583b738fb054e8
549,Our World (feat. Daniele Sorrentino),https://i.scdn.co/image/ab67616d0000b27383c40ed4c00d9fc52cb133b3
550,Scared to Be Lonely,https://i.scdn.co/image/ab67616d0000b27364f8a309aa3c0a66a31fc374
551,It Ain't Me (with Selena Gomez),https://i.scdn.co/image/ab67616d0000b27341f289940f2e6a0d51988d77
552,Mama,https://i.scdn.co/image/ab67616d0000b273403627b529867858a6b7b830
553,Faded,https://i.scdn.co/image/ab67616d0000b273a108e07c661f9fc54de9c43a
554,Heather,https://i.scdn.co/image/ab67616d0000b27388e3cda6d29b2552d4d6bc43
555,At My Worst,https://i.scdn.co/image/ab67616d0000b27387bb1da05f3491eea3401de5
556,Mood (feat. iann dior),https://i.scdn.co/image/ab67616d0000b27384c53fa832dfa265192419c5
557,Hold On,https://i.scdn.co/image/ab67616d0000b273c60473419a4ce96822541181
558,Hate Me (with Juice WRLD),https://i.scdn.co/image/ab67616d0000b273dc854e032e8588d5e75eebc6
559,Circles,https://i.scdn.co/image/ab67616d0000b2739478c87599550dd73bfa7e02
560,Signal,https://i.scdn.co/image/ab67616d0000b273f4b4b03d0902c58335f78458
561,The Blower's Daughter,https://i.scdn.co/image/ab67616d0000b273fbf054cdb847f4e042d88642
562,i'm so tired...,https://i.scdn.co/image/ab67616d0000b2732c0e1e9e1fd1e7b132da1606
563,Met Him Last Night - Dave Audé Remix,https://i.scdn.co/image/ab67616d0000b273292b5a44cf639d8d86888588
564,Freaks,https://i.scdn.co/image/ab67616d0000b2739efda673310de265a2c1cf1f
565,Cold Light,https://i.scdn.co/image/ab67616d0000b2731ab362964a8865eace979a39
566,Just Dance,https://i.scdn.co/image/ab67616d0000b273e691217483df8798445c82e2
567,Lift Your Energy,https://i.scdn.co/image/ab67616d0000b273c25655226c0faf159143915b
568,Payphone,https://i.scdn.co/image/ab67616d0000b273fc8633e22a7dba6aab817bff
569,Seasons - NIVIRO Remix,https://i.scdn.co/image/ab67616d0000b27315c1ed89791fdbe3bea3a2b7
570,S&M Remix,https://i.scdn.co/image/ab67616d0000b273c28680c727d093ec3db48340
571,Blinding Lights,https://i.scdn.co/image/ab67616d0000b2738863bc11d2aa12b54f5aeb36
572,Umbrella,https://i.scdn.co/image/ab67616d0000b273f9f27162ab1ed45b8d7a7e98
573,Cold Skin,https://i.scdn.co/image/ab67616d0000b27307c399135b66ed7c66ec4027
574,Better Not (with Wafia),https://i.scdn.co/image/ab67616d0000b27353c069027efd7447798e844d
575,I Get You,https://i.scdn.co/image/ab67616d0000b2731842f53a1cef27ed76bee40a
576,Line Of Sight (Reprise) (feat. WYNNE & Mansionair),https://i.scdn.co/image/ab67616d0000b27300c8600dbba79dac1f2b1d32
577,Only One I Need,https://i.scdn.co/image/ab67616d0000b2734cae64780023f5d32c303c0b
578,All Eyes On Me,https://i.scdn.co/image/ab67616d0000b273b0bc4161fffa156cacafc128
579,STAY (with Justin Bieber),https://i.scdn.co/image/ab67616d0000b27341e31d6ea1d493dd77933ee5
580,Just A Mess,https://i.scdn.co/image/ab67616d0000b2738e8197111f9d57793a5e7eff
581,Renegade (feat. Taylor Swift),https://i.scdn.co/image/ab67616d0000b273e77973772db06a6327d58946
582,Demeanor (feat. Dua Lipa),https://i.scdn.co/image/ab67616d0000b27379476cf856443329e6c52c04
583,Good Life (with G-Eazy & Kehlani),https://i.scdn.co/image/ab67616d0000b273857ce1238c0bf9cbca89bf55
584,Bamboléo,https://i.scdn.co/image/ab67616d0000b2736e7cb1429534f0d21133b714
585,Feel This Moment (feat. Christina Aguilera),https://i.scdn.co/image/ab67616d0000b273f2486b438645e97b523e4f90
586,Don't Leave Me Now,https://i.scdn.co/image/ab67616d0000b273ee8d918583183919d31f1e6c
587,Sleepover,https://i.scdn.co/image/ab67616d0000b2735b41313f5e512786926f3da9
588,All My Friends,https://i.scdn.co/image/ab67616d0000b27356195a1de62577988becf8f5
589,Not Allowed,https://i.scdn.co/image/ab67616d0000b27332f5fec7a879ed6ef28f0dfd
590,Brush Fire,https://i.scdn.co/image/ab67616d0000b2730fbf715d41f46ae042bcc23f
591,Butterflies,https://i.scdn.co/image/ab67616d0000b2737d754c028dfe344882a2f3e8
592,Shower,https://i.scdn.co/image/ab67616d0000b273f7f5503cfc6a54d31e65b112
593,I Like Me Better,https://i.scdn.co/image/ab67616d0000b273c2f8018c984a8acb592bc7d8
594,Emptiness,https://i.scdn.co/image/ab67616d0000b2739ab7a540b94ce87de4392a82
595,If I Could,https://i.scdn.co/image/ab67616d0000b273900f246f03884d3c19847808
596,Bright Eyes,https://i.scdn.co/image/ab67616d0000b27303a06e5fe0e916e4e4173705
597,Game of Thrones - Theme,https://i.scdn.co/image/ab67616d0000b273c0427505829f1b63f1c18f6f
598,People Watching,https://i.scdn.co/image/ab67616d0000b27360a89b781c62ffe2136e4396
599,The Rains of Castamere,https://i.scdn.co/image/ab67616d0000b27313625287ac224436f6070f94
600,The Rains of Castamere (From the HBO® Series Game Of Thrones - Season 4),https://i.scdn.co/image/ab67616d0000b273bd17fd3d160a1440408dbf9e
601,The Rains Of Castomere,https://i.scdn.co/image/ab67616d0000b2732c6cf887c57990d092c85465
602,Forever,https://i.scdn.co/image/ab67616d0000b273b9c4979446c4d39bc08e9503
603,Power is Power (feat. The Weeknd & Travis Scott),https://i.scdn.co/image/ab67616d0000b273d4024fdf2c5056be8a08d09c
604,All I Want (Floorplan Remix) [Extended Mix] (feat. Andrea Martin),https://i.scdn.co/image/ab67616d0000b27374a2c95587f874aa835a952a
605,Closer,https://i.scdn.co/image/ab67616d0000b273495ce6da9aeb159e94eaa453
606,What's Up,https://i.scdn.co/image/ab67616d0000b2736686bf5b2e62ef26ec0d0ea4
607,When I Need You,https://i.scdn.co/image/ab67616d0000b273fc260b9f45d36ce9ebde7bc5
608,Beautiful Now,https://i.scdn.co/image/ab67616d0000b273d040bc5b46915b49a64d7b1d
609,Won't Bite (feat. Smino),https://i.scdn.co/image/ab67616d0000b273f14aa81116510d3a6df8432b
610,She's My Collar (feat. Kali Uchis),https://i.scdn.co/image/ab67616d0000b273a5952c0e2e649f588603b743
611,Hold It Against Me,https://i.scdn.co/image/ab67616d0000b273fda0f2adec40250bea55101b
612,"I miss you, I’m sorry",https://i.scdn.co/image/ab67616d0000b27355c38bc34d1fe852f2657c2e
613,Fingers Crossed (with Julia Michaels),https://i.scdn.co/image/ab67616d0000b273b0f4acdef98296e13d263c8d
614,"Mood (Remix) feat. Justin Bieber, J Balvin & iann dior",https://i.scdn.co/image/ab67616d0000b27360036f58bbb4b25a7a6f2712
615,NUMB,https://i.scdn.co/image/ab67616d0000b273806c160566580d6335d1f16c
616,Hate You + Love You (feat. AJ Mitchell),https://i.scdn.co/image/ab67616d0000b273c2bd783533a07368136793a8
617,Party Girl,https://i.scdn.co/image/ab67616d0000b273f1255abfe0381a9e6fedb301
618,Heart Attack,https://i.scdn.co/image/ab67616d0000b273251fade24606082e8cf97972
619,Love Is Gone - Acoustic,https://i.scdn.co/image/ab67616d0000b2733892a2a2c261629f34bb5536
620,"Home (with Machine Gun Kelly, X Ambassadors & Bebe Rexha)",https://i.scdn.co/image/ab67616d0000b2737a3fbbab0e9fb050a08fa065
621,Changes,https://i.scdn.co/image/ab67616d0000b273806c160566580d6335d1f16c
622,Back To U,https://i.scdn.co/image/ab67616d0000b273df34234cbad3fca10cda133e
623,Time,https://i.scdn.co/image/ab67616d0000b273982320da137d0de34410df61
624,7UP,https://i.scdn.co/image/ab67616d0000b2735290d1b9b7e45618a27c065c
625,Hate The Way (feat. blackbear),https://i.scdn.co/image/ab67616d0000b273cad9ceeebb8d1dd84e5ce8d9
626,lie to me,https://i.scdn.co/image/ab67616d0000b27341aa6776dc15fbd71a2b4557
627,Do You Believe,https://i.scdn.co/image/ab67616d0000b2732a0e84f7f86349253277349b
628,"i hate u, i love u (feat. olivia o'brien)",https://i.scdn.co/image/ab67616d0000b27308862f843ea27f44f8e8cbd8
629,ANGELS & DEMONS,https://i.scdn.co/image/ab67616d0000b273cda826d365bd5cf8e0a4d815
630,I Don't Want You Back,https://i.scdn.co/image/ab67616d0000b273a887d66b888802f16cbfd59c
631,Chasing_(Demo),https://i.scdn.co/image/ab67616d0000b2739ad2960fafd7b9656c895578
632,hot girl bummer,https://i.scdn.co/image/ab67616d0000b273e9b6f26ff354f4d70847f02d
633,idfc - Tarro Remix,https://i.scdn.co/image/ab67616d0000b2739256a09a8085ca1d4fe2d338
634,Ridiculous Thoughts,https://i.scdn.co/image/ab67616d0000b27372d481a5999197ef5f42f796
635,When We Were Young,https://i.scdn.co/image/ab67616d0000b2737b9888dc365b8f957c63df14
636,Human Spirit,https://i.scdn.co/image/ab67616d0000b2739bf57fa172f5be04c7e7ffc2
637,Pain - Remastered,https://i.scdn.co/image/ab67616d0000b273513d6513b16f9e27707730b7
638,Send Me An Angel,https://i.scdn.co/image/ab67616d0000b273787674b6a114f98cad6f834b
639,Under Your Spell,https://i.scdn.co/image/ab67616d0000b273b046c342a6c11e3bb7c9724c
640,Frozen,https://i.scdn.co/image/ab67616d0000b2734cef50f6a5d84d46ad9a4af1
641,Stay,https://i.scdn.co/image/ab67616d0000b27341e31d6ea1d493dd77933ee5
642,Bartholomew,https://i.scdn.co/image/ab67616d0000b273400bdacf8c028c8f769132d3
643,Loki Green Theme,https://i.scdn.co/image/ab67616d0000b27393c695e6fe6a29007bb51854
644,Photograph,https://i.scdn.co/image/ab67616d0000b27313b3e37318a0c247b550bccd
645,SAD!,https://i.scdn.co/image/ab67616d0000b273806c160566580d6335d1f16c
646,Everybody Dies In Their Nightmares,https://i.scdn.co/image/ab67616d0000b273203c89bd4391468eea4cc3f5
647,Losing Interest,https://i.scdn.co/image/ab67616d0000b273f5fa99a449e4262f628f41a3
648,Tory lanez freestyle ,https://i.scdn.co/image/ab67616d0000b27399f24266c22e4e3b3b83fa58
649,idfc,https://i.scdn.co/image/ab67616d0000b2739bd9040e92f79ffb58eb9dbd
650,bad vibes forever,https://i.scdn.co/image/ab67616d0000b273fa96fd3251629605bb59345d
651,STILL CHOSE YOU (feat. Mustard),https://i.scdn.co/image/ab67616d0000b273b4d59e6fa7e5e7cbc57ac33a
652,Maniac,https://i.scdn.co/image/ab67616d0000b273c23fc5c23c494a83d14908d2
653,VIBEZ,https://i.scdn.co/image/ab67616d0000b273f2b94b2fda4f08836d6371ba
654,We're Good,https://i.scdn.co/image/ab67616d0000b273ccdddb2e5349ea0608c3e016
655,Whistle,https://i.scdn.co/image/ab67616d0000b273ff4ec21d7817138cabcc19bc
656,Manike Mage Hithe,https://i.scdn.co/image/ab67616d0000b27328079cbb812199a40c64d37a
657,Liggi,https://i.scdn.co/image/ab67616d0000b273774767c26967fb25e7854305
658,Riha,https://i.scdn.co/image/ab67616d0000b2731a1e038a4fc09c537b0b97a5
659,Someone You Like,https://i.scdn.co/image/ab67616d0000b273164feb363334f93b6458d2a9
660,Hosanna,https://i.scdn.co/image/ab67616d0000b273f8910d64a61c3e3dc970613c
661,Hold On To Me,https://i.scdn.co/image/ab67616d0000b273343c8c4eba9913f62cf4d8c7
662,Overdrive,https://i.scdn.co/image/ab67616d0000b27372694fed173af6d24d22eefb
663,Strawberries & Cigarettes,https://i.scdn.co/image/ab67616d0000b273c9eb4c87e1d7f5353908b712
664,Overwhelmed (Ryan Mack Remix),https://i.scdn.co/image/ab67616d0000b273406c79c19c702998ece57d7f
665,I'm not Pretty,https://i.scdn.co/image/ab67616d0000b273d698a39207c9cb499814f4a0
666,overwhelmed,https://i.scdn.co/image/ab67616d0000b273406c79c19c702998ece57d7f
667,Mad at Disney,https://i.scdn.co/image/ab67616d0000b273d593820d1884e330cf258727
668,Fallin’ (Adrenaline),https://i.scdn.co/image/ab67616d0000b273a59fe305e5504a51fa413d29
669,Welcome to Wonderland,https://i.scdn.co/image/ab67616d0000b27346113e087787563c203a6f3e
670,Freaks,https://i.scdn.co/image/ab67616d0000b2739efda673310de265a2c1cf1f
671,Psycho,https://i.scdn.co/image/ab67616d0000b273d492ab4a1950dcfe213ab8d2
672,everything sucks,https://i.scdn.co/image/ab67616d0000b2730a47a8c37f83710d4ce75362
673,The Way You Felt,https://i.scdn.co/image/ab67616d0000b2730c8a0405b0035e48ab780eec
674,Guess That's Love,https://i.scdn.co/image/ab67616d0000b273f84c003d22b410ed1d15e6d7
675,Funny Story,https://i.scdn.co/image/ab67616d0000b273c741c6992ec0892c7e3f35b5
676,Don’t Give Up On Me,https://i.scdn.co/image/ab67616d0000b2736012829a32ed0e4c084e693b
677,Broke,https://i.scdn.co/image/ab67616d0000b27343a17898d5a7a94e2277c4a0
678,CHICKEN TENDIES,https://i.scdn.co/image/ab67616d0000b27358e57c68f015f1c31030e35e
679,fairytales,https://i.scdn.co/image/ab67616d0000b27349a39e0e4102b862ccee0fb0
680,Aadmi Chutiya Hai,https://i.scdn.co/image/ab67616d0000b273305b9c872312e6fac4071d08
681,Pran,https://i.scdn.co/image/ab67616d0000b27380a4dfbc97f53484f02e2fbb
682,WAP,https://i.scdn.co/image/ab67616d0000b273c450c89d3eb750d3535b0a0c
683,O.D.D.,https://i.scdn.co/image/ab67616d0000b273f543c5344074c07618c3340d
684,Pal Behta Jaaye,https://i.scdn.co/image/ab67616d0000b2736b6090cf9a39d46df41fb121
685,Hoodie,https://i.scdn.co/image/ab67616d0000b27317137b399060d8644c4d16c2
686,Sorry That I Do That,https://i.scdn.co/image/ab67616d0000b27379022cd5c424b7c85fa51f99
687,The Last Goodbye,https://i.scdn.co/image/ab67616d0000b273f08e77f631dfa98ca0a0a5a2
688,I Need Some Sleep,https://i.scdn.co/image/ab67616d0000b273869ccada309ed2ac9343742f
689,Tohfa,https://i.scdn.co/image/ab67616d0000b2739db81cbcd20382c800f70c9a
690,If You’re Gonna Leave - Bvrnout Remix,https://i.scdn.co/image/ab67616d0000b273ae4bb9be984b833f0bf192f7
691,Weak,https://i.scdn.co/image/ab67616d0000b2733727747677b081c7d8c126f2
692,Fall With Me,https://i.scdn.co/image/ab67616d0000b273c7fcfe8e0608dc29dadc0af1
693,Bang!,https://i.scdn.co/image/ab67616d0000b2730f0e7900a102aaa70ed30d3e
694,Come My Way,https://i.scdn.co/image/ab67616d0000b273a6296dd9f8acc8c90ecbdfc1
695,Friendly Neighborhood Poltergeist,https://i.scdn.co/image/ab67616d0000b273b9fdc6904159a5ab7861a21f
696,Boom,https://i.scdn.co/image/ab67616d0000b273961f09591e3341727600006f
697,Idk,https://i.scdn.co/image/ab67616d0000b273f9d66911f25fcb4b3b7d5cd3
698,Spicy (feat. Post Malone),https://i.scdn.co/image/ab67616d0000b2739b6cff14d6cdf4b6a2be3a4f
699,emotions,https://i.scdn.co/image/ab67616d0000b273b79509ce58a7d556815059e0
700,Hard Work Pays Off,https://i.scdn.co/image/ab67616d0000b273644c510e8d4c02ae69028297
701,ROCKSTAR (feat. Roddy Ricch),https://i.scdn.co/image/ab67616d0000b27320e08c8cc23f404d723b5647
702,Love Yourz,https://i.scdn.co/image/ab67616d0000b273c6e0948bbb0681ff29cdbae8
703,Woah,https://i.scdn.co/image/ab67616d0000b273a2bd351ce3447cd550372168
704,Let Me Down Slowly / Main Dhoondne Ko Zamaane (Medley),https://i.scdn.co/image/ab67616d0000b2739bb2d30b01ac2cada8a8ad03
705,Habits of My Heart - EP Version,https://i.scdn.co/image/ab67616d0000b273305bc2b4f6eab97a390a21b3
706,All Good Things (Come To An End),https://i.scdn.co/image/ab67616d0000b273a6f439c8957170652f9410e2
707,Each Coming Night,https://i.scdn.co/image/ab67616d0000b273031c73667e732e3e208a6328
708,Beige,https://i.scdn.co/image/ab67616d0000b273f471411c4c4cc6e17d0bb759
709,Rosyln,https://i.scdn.co/image/ab67616d0000b273c1399042ffe4156cc27dccbb
710,Unconditionally,https://i.scdn.co/image/ab67616d0000b2731e9a057052d59004caf47e22
711,You Are The Reason,https://i.scdn.co/image/ab67616d0000b273f2d671c22b70e01b78a618a8
712,Sad Song (feat. Elena Coats),https://i.scdn.co/image/ab67616d0000b273734dbf67d585a457a8d2b676
713,Run to You,https://i.scdn.co/image/ab67616d0000b2731dee97ba6f2264197cfd7657
714,One Call Away,https://i.scdn.co/image/ab67616d0000b27315145482a542a9adb282250b
715,When I Was Your Man,https://i.scdn.co/image/ab67616d0000b273926f43e7cce571e62720fd46
716,Little Do You Know,https://i.scdn.co/image/ab67616d0000b273e43c5c123c01326fd8bb840a
717,Someone You Loved,https://i.scdn.co/image/ab67616d0000b273fc2101e6889d6ce9025f85f2
718,the words,https://i.scdn.co/image/ab67616d0000b273891b5348358ee43343077db2
719,"Gone, Gone, Gone",https://i.scdn.co/image/ab67616d0000b2735c75f5e02580f4c0c3e80e8e
720,We Don't Talk Anymore (feat. Selena Gomez),https://i.scdn.co/image/ab67616d0000b273633a2d775747bccfbcb17a45
721,Heart By Heart,https://i.scdn.co/image/ab67616d0000b2734cae063f4a4cd704c3d8d9e6
722,Just the Way You Are,https://i.scdn.co/image/ab67616d0000b273f6b55ca93bd33211227b502b
723,"Flashlight - From ""Pitch Perfect 2"" Soundtrack",https://i.scdn.co/image/ab67616d0000b273b5cd57e4ee19e4f85f6af5dd
724,The Music,https://i.scdn.co/image/ab67616d0000b273c4f557b55f2c572a3ff39e23
725,All of Me,https://i.scdn.co/image/ab67616d0000b27394c9217a398f5174757c0c78
726,human,https://i.scdn.co/image/ab67616d0000b27390a788beadaad34ff684d3ec
727,Say Something,https://i.scdn.co/image/ab67616d0000b2739e2acbb00244d6da17edb0cf
728,The One That Got Away,https://i.scdn.co/image/ab67616d0000b273f619042d5f6b2149a4f5e0ca
729,"Love Me Like You Do - From ""Fifty Shades Of Grey""",https://i.scdn.co/image/ab67616d0000b2736bdee14242f244d9d6ddf2fd
730,Everything I Need,https://i.scdn.co/image/ab67616d0000b2736bf004415057be1e79a22ec1
731,Set Fire to the Rain,https://i.scdn.co/image/ab67616d0000b273164feb363334f93b6458d2a9
732,Say You Won't Let Go,https://i.scdn.co/image/ab67616d0000b27320beb61f61fcbeb33b10a9ab
733,You & I,https://i.scdn.co/image/ab67616d0000b2731f61c5b9c469a9050438d249
734,Surrender,https://i.scdn.co/image/ab67616d0000b273f0b277bc5565bf503759cfbe
735,Not About Angels,https://i.scdn.co/image/ab67616d0000b273a7a7f6236a9219ffc8e9054c
736,Little Talks,https://i.scdn.co/image/ab67616d0000b273cb3f67e8026e2e493a1e8262
737,We Are Young (feat. Janelle Monáe),https://i.scdn.co/image/ab67616d0000b273a036e1724bc7f2bab15cfda8
738,Somebody That I Used To Know - 4FRNT Remix,https://i.scdn.co/image/ab67616d0000b273e72715688f633bf309ce1142
739,Sweet but Psycho,https://i.scdn.co/image/ab67616d0000b2739a95e89d24214b94de36ccf7
740,wannabe,https://i.scdn.co/image/ab67616d0000b27378d4822ea994760c931fb4e0
741,Dandelion,https://i.scdn.co/image/ab67616d0000b27397e971f3e53475091dc8d707
742,do re mi,https://i.scdn.co/image/ab67616d0000b2736c112ab47442b526755ffe36
743,Selfish Love (with Selena Gomez) - Tiësto Remix,https://i.scdn.co/image/ab67616d0000b273f3fe13f56ce3ee27747c44ad
744,Come & Get It,https://i.scdn.co/image/ab67616d0000b2730e36690135fa1a30d048e604
745,Vulnerable,https://i.scdn.co/image/ab67616d0000b2732abcc266597eb46f897a8666
746,Boyfriend,https://i.scdn.co/image/ab67616d0000b273f1d02a6cec967f8b6b78f76e
747,Rare,https://i.scdn.co/image/ab67616d0000b2732abcc266597eb46f897a8666
748,People You Know,https://i.scdn.co/image/ab67616d0000b2732abcc266597eb46f897a8666
749,Round & Round,https://i.scdn.co/image/ab67616d0000b27352cf4aae10ce89b592de6960
750,"I Can’t Get Enough (benny blanco, Selena Gomez, J Balvin, Tainy)",https://i.scdn.co/image/ab67616d0000b2736680b3854ec9cd3db9a94cc2
751,She,https://i.scdn.co/image/ab67616d0000b273e161b7d9548d5cb40af46639
752,Love Will Remember,https://i.scdn.co/image/ab67616d0000b2730e36690135fa1a30d048e604
753,Wolves,https://i.scdn.co/image/ab67616d0000b273307910d4242c0d6b1fedf955
754,Only You,https://i.scdn.co/image/ab67616d0000b273890f59e64d3eb72310ae9977
755,Hands To Myself,https://i.scdn.co/image/ab67616d0000b2736bc7473df6c9d1fd90972e84
756,Fetish (feat. Gucci Mane),https://i.scdn.co/image/ab67616d0000b2736a958ff9ae0c40b9771c19c4
757,"Taki Taki (with Selena Gomez, Ozuna & Cardi B)",https://i.scdn.co/image/ab67616d0000b273e105c410a7b390c61a58cbf8
758,@ my worst,https://i.scdn.co/image/ab67616d0000b27360abdbdec59611ee3c18fb95
759,Stupid Feelings,https://i.scdn.co/image/ab67616d0000b27346a21b1bbc9ca95aa566d759
760,Better Days,https://i.scdn.co/image/ab67616d0000b27359a3d5c459ba5c91486f6157
761,papercuts,https://i.scdn.co/image/ab67616d0000b273a6afaa2b177a38c68451b0be
762,Walking Away,https://i.scdn.co/image/ab67616d0000b2737c2e92fb2302f8e8fcd9b389
763,Love Runs Out (feat. G-Eazy & Sasha Alex Sloan),https://i.scdn.co/image/ab67616d0000b27356c47605c954e4733893416d
764,INDUSTRY BABY (feat. Jack Harlow),https://i.scdn.co/image/ab67616d0000b273ba26678947112dff3c3158bf
765,SHUM,https://i.scdn.co/image/ab67616d0000b2730cef476af39956e71ff4ae2c
766,Pure Water (with Migos),https://i.scdn.co/image/ab67616d0000b27393b1e96fad758869d0974162
767,Legendary (feat. Gunna),https://i.scdn.co/image/ab67616d0000b273d38a9c6e4fcfeb128f111f6b
768,"Gang Up (with Young Thug, 2 Chainz & Wiz Khalifa feat. PnB Rock)",https://i.scdn.co/image/ab67616d0000b273c2cb76ace3066d4c069b1102
769,I Know You so Well,https://i.scdn.co/image/ab67616d0000b2739003c50016525b4bc013e8e8
770,Rumors (feat. Cardi B),https://i.scdn.co/image/ab67616d0000b273324290e5b99a797b99e247bb
771,Take My Breath,https://i.scdn.co/image/ab67616d0000b2734ab2520c2c77a1d66b9ee21d
772,Beggin',https://i.scdn.co/image/ab67616d0000b273fa0ab3a28b5c52d8a5f97045
773,Happier Than Ever,https://i.scdn.co/image/ab67616d0000b2732a038d3bf875d23e4aeaa84e
774,2055,https://i.scdn.co/image/ab67616d0000b27378376f650afd63698b82e4b1
775,Don't Go Yet,https://i.scdn.co/image/ab67616d0000b273d24bb6aa36842e45bdd3d1cc
776,Pepas,https://i.scdn.co/image/ab67616d0000b2734239a6aa89738d8f798168ad
777,traitor,https://i.scdn.co/image/ab67616d0000b273a91c10fe9472d9bd89802e5a
778,I WANNA BE YOUR SLAVE,https://i.scdn.co/image/ab67616d0000b2735aa05015cfa7bd2943c29b21
779,Skate,https://i.scdn.co/image/ab67616d0000b273713edf92606d0ed09b2f1905
780,Woman,https://i.scdn.co/image/ab67616d0000b273be841ba4bc24340152e3a79a
781,Volví,https://i.scdn.co/image/ab67616d0000b27312bcec4f18ee130369ce170c
782,Love Tonight - Edit,https://i.scdn.co/image/ab67616d0000b27381376e47003d45f6513b5657
783,Motley Crew,https://i.scdn.co/image/ab67616d0000b2733520e90ee2daf6000ab507cb
784,Permission to Dance,https://i.scdn.co/image/ab67616d0000b273a7e481899b7e0396f93d10b8
785,Todo De Ti,https://i.scdn.co/image/ab67616d0000b273d9525f27b0a9e25b1fa21230
786,Chosen (feat. Ty Dolla $ign),https://i.scdn.co/image/ab67616d0000b2734dd2991fe759c7205f31eabb
787,Just for me,https://i.scdn.co/image/ab67616d0000b27312c2eefb1d28509c632d915d
788,HALF HEARTED,https://i.scdn.co/image/ab67616d0000b273be0b963f64525f4efbd9e704
789,Fall,https://i.scdn.co/image/ab67616d0000b273f3508855e1fd44d447a3413b
790,Darkness,https://i.scdn.co/image/ab67616d0000b273a50c0640db29b4e4d3a5927a
791,Lucky You (feat. Joyner Lucas),https://i.scdn.co/image/ab67616d0000b273e4073def0c03a91e3fceaf73
792,Paul - Skit,https://i.scdn.co/image/ab67616d0000b273e4073def0c03a91e3fceaf73
793,Greatest,https://i.scdn.co/image/ab67616d0000b27309c9bf421422262c368009d6
794,Venom - Music From The Motion Picture,https://i.scdn.co/image/ab67616d0000b2731b95097dd6e47dfb02b315c8
795,Hanuman Chalisa,https://i.scdn.co/image/ab67616d0000b2736d9a2050e82ce05424dca5aa
796,Shree Hanuman Chalisa,https://i.scdn.co/image/ab67616d0000b2736d9a2050e82ce05424dca5aa
797,Shekhar Ravjiani's Hanuman Chalisa,https://i.scdn.co/image/ab67616d0000b2737c5998c431928761be05496c
798,Shiv Tandav Stotram,https://i.scdn.co/image/ab67616d0000b27363521cf4f0ca24a244f26e8b
799,Ae Watan (Male),https://i.scdn.co/image/ab67616d0000b2734dc01050da65c24dba61d808
800,Challa,https://i.scdn.co/image/ab67616d0000b2731efbf8b77e571388b3520f72
801,"Lose Yourself - From ""8 Mile"" Soundtrack",https://i.scdn.co/image/ab67616d0000b2734f93d444eec1ee40f3884fa6
802,Gnat,https://i.scdn.co/image/ab67616d0000b273622ff7c32a1a506bf42aedd3
803,Rap God,https://i.scdn.co/image/ab67616d0000b273c6338d684995af10c2bf0533
804,Godzilla (feat. Juice WRLD),https://i.scdn.co/image/ab67616d0000b2732f44aec83b20e40f3baef73c
805,River (feat. Ed Sheeran),https://i.scdn.co/image/ab67616d0000b273dee6b58d35215322626b5701
806,The Ringer,https://i.scdn.co/image/ab67616d0000b273e4073def0c03a91e3fceaf73
807,Mockingbird,https://i.scdn.co/image/ab67616d0000b273726d48d93d02e1271774f023
808,Killshot,https://i.scdn.co/image/ab67616d0000b27368b647e4976494925778007f
809,The Monster,https://i.scdn.co/image/ab67616d0000b273b3bd9398bd8cd68f74d9b985
810,Soldier,https://i.scdn.co/image/ab67616d0000b27335916c71f8e65d0497927111
811,Ghost Of You,https://i.scdn.co/image/ab67616d0000b27341aa6776dc15fbd71a2b4557
812,One More Dance (with Alida),https://i.scdn.co/image/ab67616d0000b2733bcb5f3652c87b48fe72fdf4
813,Feelin' U,https://i.scdn.co/image/ab67616d0000b273d69b00442bb699cd0099f515
814,Chun-Li,https://i.scdn.co/image/ab67616d0000b273540ab7c149079184e8724dc4
815,Bummerland,https://i.scdn.co/image/ab67616d0000b2730f0e7900a102aaa70ed30d3e
816,All Time Low,https://i.scdn.co/image/ab67616d0000b2738519af1fdbf5ea0e702a8bd2
817,Keep You Safe,https://i.scdn.co/image/ab67616d0000b27315b442486098c96ddbd09e7f
818,Roses,https://i.scdn.co/image/ab67616d0000b273b340b496cb7c38d727ff40be
819,Alright (feat. Trippie Redd & Preme),https://i.scdn.co/image/ab67616d0000b2737ebe1f550feb0efec0092a8a
820,Way Out (feat. Big Sean),https://i.scdn.co/image/ab67616d0000b273aeb14ead136118a987246b63
821,THINK ABOUT ME,https://i.scdn.co/image/ab67616d0000b273318443aab3531a0558e79a4d
822,Girls Have Fun (feat. G-Eazy & Rich The Kid),https://i.scdn.co/image/ab67616d0000b2736a03e51cf2d8c29dcac67ebb
823,What You Know Bout Love,https://i.scdn.co/image/ab67616d0000b27377ada0863603903f57b34369
824,for mah girl,https://i.scdn.co/image/ab67616d0000b2736278c636e6abba33cedef147
825,By Your Side (feat. Tom Grennan) - Oliver Heldens Remix,https://i.scdn.co/image/ab67616d0000b273063d58cbeab5e1dc5d84bd03
826,'Till I Collapse,https://i.scdn.co/image/ab67616d0000b2736ca5c90113b30c3c43ffb8f4
827,"Main Dhoondne Ko Zamaane Mein (From ""Heartless"")",https://i.scdn.co/image/ab67616d0000b273c486f7fc6299f158d632e613
828,The Imitation Game,https://i.scdn.co/image/ab67616d0000b273d0afb968045b025559de900c
829,Time,https://i.scdn.co/image/ab67616d0000b273982320da137d0de34410df61
830,Light of the Seven,https://i.scdn.co/image/ab67616d0000b273b8f0101e1dbcbb4d78b325a8
831,Astronaut In The Ocean,https://i.scdn.co/image/ab67616d0000b27397fdd7cf1b14d78c6a7fb17f
832,24 (feat. Lil Baby),https://i.scdn.co/image/ab67616d0000b273d9cbe9b9bec4732330a17c7e
833,OUT WEST (feat. Young Thug),https://i.scdn.co/image/ab67616d0000b273dfc2f59568272de50a257f2f
834,Lie,https://i.scdn.co/image/ab67616d0000b2738bd5d941f9ced8e7f9c60dd4
835,Dirty Dancer,https://i.scdn.co/image/ab67616d0000b273f6fa4a75fccc308f26c726c6
836,Sometimes,https://i.scdn.co/image/ab67616d0000b273d888f2eef159a1ed846c2870
837,Push & Pull,https://i.scdn.co/image/ab67616d0000b273d1961ecb307c9e05ec8f7e82
838,She Gets the Flowers,https://i.scdn.co/image/ab67616d0000b27325f8405885a31bc4bf685edf
839,Never Be Lonely,https://i.scdn.co/image/ab67616d0000b273a1d3ca82b712927a48774655
840,Through The Storm,https://i.scdn.co/image/ab67616d0000b2738cfc9480119727192bde23af
841,Sweater Weather,https://i.scdn.co/image/ab67616d0000b2738265a736a1eb838ad5a0b921
842,See You Again (feat. Charlie Puth),https://i.scdn.co/image/ab67616d0000b2734e5df11b17b2727da2b718d8
843,Daddy Issues,https://i.scdn.co/image/ab67616d0000b2733066581d697fbdee4303d685
844,XO,https://i.scdn.co/image/ab67616d0000b273653887a83332de0350151f10
845,Chandelier,https://i.scdn.co/image/ab67616d0000b2735d199c9f6e6562aafa5aa357
846,I Want You To Know,https://i.scdn.co/image/ab67616d0000b273d040bc5b46915b49a64d7b1d
847,Tick Tock (feat. 24kGoldn),https://i.scdn.co/image/ab67616d0000b2733ec9036a9f7289e924194bec
848,Life's A Mess (feat. Halsey),https://i.scdn.co/image/ab67616d0000b2733e0698e4ae5ffb82a005aeeb
849,Legends,https://i.scdn.co/image/ab67616d0000b27365233dedc44bbc41ca434c49
850,Hollywood's Bleeding,https://i.scdn.co/image/ab67616d0000b2739478c87599550dd73bfa7e02
851,Change My Clothes,https://i.scdn.co/image/ab67616d0000b27362203a8dd802c65103193dbe
852,Hurricane,https://i.scdn.co/image/ab67616d0000b2738060365b213bcfb606c521a6
853,Donda Chant,https://i.scdn.co/image/ab67616d0000b273cad190f1a73c024e5a40dddd
854,Jail,https://i.scdn.co/image/ab67616d0000b2737bb8a221711b74ed25b787b7
855,Donda,https://i.scdn.co/image/ab67616d0000b273cad190f1a73c024e5a40dddd
856,Close Your Eyes - Spotify Singles,https://i.scdn.co/image/ab67616d0000b27390e3aa56d61bb1b022fcda6e
857,Stay A Little Longer,https://i.scdn.co/image/ab67616d0000b2735074bd0894cb1340b8d8a678
858,older,https://i.scdn.co/image/ab67616d0000b273352b3ced3f510b351e02b058
859,Jesus Lord pt 2,https://i.scdn.co/image/ab67616d0000b273cad190f1a73c024e5a40dddd
860,Believe What I Say,https://i.scdn.co/image/ab67616d0000b273cad190f1a73c024e5a40dddd
861,Butterflies,https://i.scdn.co/image/ab67616d0000b2737d754c028dfe344882a2f3e8
862,Roses,https://i.scdn.co/image/ab67616d0000b273b340b496cb7c38d727ff40be
863,Better Days,https://i.scdn.co/image/ab67616d0000b27359a3d5c459ba5c91486f6157
864,Reasons,https://i.scdn.co/image/ab67616d0000b27345961774a8db73a1b5f77d84
865,NIGHTRIDER,https://i.scdn.co/image/ab67616d0000b27368f04df4bfa3212b88843710
866,TLC,https://i.scdn.co/image/ab67616d0000b27361ffafd5e31a37336531cf95
867,No Promises (feat. Demi Lovato),https://i.scdn.co/image/ab67616d0000b273e74ecdb2f1316c8f026970a8
868,rockstar (feat. 21 Savage),https://i.scdn.co/image/ab67616d0000b273b1c4b76e23414c9f20242268
869,Congratulations,https://i.scdn.co/image/ab67616d0000b273a3f1d0826bd2632ab8ec0860
870,Better Now,https://i.scdn.co/image/ab67616d0000b273b1c4b76e23414c9f20242268
871,Only Wanna Be With You - Pokémon 25 Version,https://i.scdn.co/image/ab67616d0000b273d06b152b24e9357e81c460fe
872,Hold On,https://i.scdn.co/image/ab67616d0000b273c60473419a4ce96822541181
873,Tattoo,https://i.scdn.co/image/ab67616d0000b2732b0ba87db609976eee193bd6
874,Bad Habits - Acoustic Version,https://i.scdn.co/image/ab67616d0000b273006d456ac41a8dc73a0b67cc
875,Addict Of Magic,https://i.scdn.co/image/ab67616d0000b27331bb54a39c7681c8db1a06f0
876,You should be sad,https://i.scdn.co/image/ab67616d0000b2737636e1c9e67eaafc9f49aefd
877,Psycho (feat. Ty Dolla $ign),https://i.scdn.co/image/ab67616d0000b273b1c4b76e23414c9f20242268
878,Not Afraid,https://i.scdn.co/image/ab67616d0000b273c08d5fa5c0f1a834acef5100
879,exile,https://i.scdn.co/image/ab67616d0000b27395f754318336a07e85ec59bc
880,my ex's best friend (with blackbear),https://i.scdn.co/image/ab67616d0000b273d4d4929a3a86fe2f9fadbd42
881,exile (feat. Bon Iver) - the long pond studio sessions,https://i.scdn.co/image/ab67616d0000b2734e265291f29fd8686d3dc3b4
882,Is It Just Me? (feat. Charlie Puth),https://i.scdn.co/image/ab67616d0000b2733d959a929b52a36362378ae3
883,Getaway Car,https://i.scdn.co/image/ab67616d0000b273da5d5aeeabacacc1263c0f4b
884,Feel,https://i.scdn.co/image/ab67616d0000b27389b0f194917aa7ec139a15f3
885,Dancing With Your Ghost,https://i.scdn.co/image/ab67616d0000b273141cf717cd3993690358a60c
886,Tightrope,https://i.scdn.co/image/ab67616d0000b273f160ff1c91caffd9e24cc736
887,Liability,https://i.scdn.co/image/ab67616d0000b273f8553e18a11209d4becd0336
888,willow,https://i.scdn.co/image/ab67616d0000b27333b8541201f1ef38941024be
889,Walked Through Hell,https://i.scdn.co/image/ab67616d0000b2735afa16bad57ffdf82f4b8a2e
890,could cry just thinkin about you - Full Version,https://i.scdn.co/image/ab67616d0000b273fe27857e49e994ad7f4b8b8e
891,Toxic,https://i.scdn.co/image/ab67616d0000b273ee07023115f822012390d2a0
892,Insane,https://i.scdn.co/image/ab67616d0000b273f26219080879cd317b98ece8
893,Nit Nit,https://i.scdn.co/image/ab67616d0000b273056a62b48a090d88c1d762fd
894,Saint-Tropez,https://i.scdn.co/image/ab67616d0000b2739478c87599550dd73bfa7e02
895,Can't Be Touched (feat. Mr. Magic & Trouble),https://i.scdn.co/image/ab67616d0000b273582f703c73240fe327aa05d6
896,Superman,https://i.scdn.co/image/ab67616d0000b2736ca5c90113b30c3c43ffb8f4
897,RAP DEVIL,https://i.scdn.co/image/ab67616d0000b273ed882d7c9151009310f0613a
898,Warm Up,https://i.scdn.co/image/ab67616d0000b273df20e92b01eaa7559e1f38a7
899,Numb / Encore,https://i.scdn.co/image/ab67616d0000b2737282412ad025c14f7039f516
900,Remember the Name (feat. Styles of Beyond),https://i.scdn.co/image/ab67616d0000b273100fb4649eae80922bf1acbf
901,Remember The Name (feat. Eminem & 50 Cent),https://i.scdn.co/image/ab67616d0000b27373304ce0653c7758dd94b259
902,Space Bound,https://i.scdn.co/image/ab67616d0000b273c08d5fa5c0f1a834acef5100
903,We Own It (Fast & Furious),https://i.scdn.co/image/ab67616d0000b2733f04ce56f3786307572fc944
904,Purple Lamborghini (with Rick Ross),https://i.scdn.co/image/ab67616d0000b273602b6507f5289db71603c2f4
905,Broken,https://i.scdn.co/image/ab67616d0000b27343a17898d5a7a94e2277c4a0
906,Waiting,https://i.scdn.co/image/ab67616d0000b2735393c5d3cac806092a9bc468
907,Hurts Sometimes (with Jonathan Mendelsohn),https://i.scdn.co/image/ab67616d0000b2734307a6e5f992a031b7fb00bf
908,Didn't I,https://i.scdn.co/image/ab67616d0000b2733d0128eee321aae2467aec37
909,Youngblood,https://i.scdn.co/image/ab67616d0000b27341aa6776dc15fbd71a2b4557
910,don't say you love me,https://i.scdn.co/image/ab67616d0000b273b0028789aef74d8a0a0e21a7
911,Just For Me (with SZA) - Space Jam: A New Legacy,https://i.scdn.co/image/ab67616d0000b273d0126e53352bb15e3e232643
912,"Or Nah (feat. The Weeknd, Wiz Khalifa & DJ Mustard) - Remix",https://i.scdn.co/image/ab67616d0000b2731c04efd2804b16cf689de7f0
913,Violent,https://i.scdn.co/image/ab67616d0000b2730cd942c1a864afa4e92d04f2
914,don't fall,https://i.scdn.co/image/ab67616d0000b273c2c6258f39708c584c511895
915,the way that you see me (feat. Ayleen Valentine),https://i.scdn.co/image/ab67616d0000b273bc506cb190ca405fa7d66adb
916,say goodbye,https://i.scdn.co/image/ab67616d0000b27308d67d4c249bcf953b7b4060
917,Can't Trust A Soul,https://i.scdn.co/image/ab67616d0000b273f02d157c654460b50c1f1b69
918,Me and You,https://i.scdn.co/image/ab67616d0000b273b38dd929c23e733d0d56d016
919,Waka Waka (This Time for Africa) [The Official 2010 FIFA World Cup (TM) Song] (feat. Freshlyground),https://i.scdn.co/image/ab67616d0000b273d6da56e427f7f87f0e544c6f
920,Secrets,https://i.scdn.co/image/ab67616d0000b2734718e2b124f79258be7bc452
921,Girls Want Girls (with Lil Baby),https://i.scdn.co/image/ab67616d0000b273cd945b4e3de57edd28481a3f
922,Apricots,https://i.scdn.co/image/ab67616d0000b2737002b491db4917f96f10283a
923,the long way home (feat. Sara Kays & Sarcastic Sounds),https://i.scdn.co/image/ab67616d0000b273709983bba4a1938bea2f2d0d
924,Thot Shit,https://i.scdn.co/image/ab67616d0000b27345fd9c645c76bd5b11bd7f3e
925,Old Friends,https://i.scdn.co/image/ab67616d0000b273733913465adb99353020b805
926,What If I Told You That I Love You,https://i.scdn.co/image/ab67616d0000b2732a0e84f7f86349253277349b
927,Hide and Seek,https://i.scdn.co/image/ab67616d0000b2730cabafb8b01b956fae313c57
928,Rockstar,https://i.scdn.co/image/ab67616d0000b27397265410628ab7f94a380c9d
929,"10,000 Hours (with Justin Bieber)",https://i.scdn.co/image/ab67616d0000b27386953b1cbaa29e477db0b479
930,I Don't Care (with Justin Bieber),https://i.scdn.co/image/ab67616d0000b27373304ce0653c7758dd94b259
931,Lose You To Love Me,https://i.scdn.co/image/ab67616d0000b2732abcc266597eb46f897a8666
932,Here With Me,https://i.scdn.co/image/ab67616d0000b27364fa1bda999f4fbd2b7c4bb7
933,The Middle,https://i.scdn.co/image/ab67616d0000b273fbe22d168a743b782a5e856a
934,Girls Like You,https://i.scdn.co/image/ab67616d0000b273deae7d931928fc1543e70203
935,Unbelievable,https://i.scdn.co/image/ab67616d0000b273e70279cb2c329286f7e95af1
936,Easier,https://i.scdn.co/image/ab67616d0000b273726005f0f81903e157d9dbc7
937,Blank Space,https://i.scdn.co/image/ab67616d0000b27352b2a3824413eefe9e33817a
938,Post Malone (feat. RANI),https://i.scdn.co/image/ab67616d0000b27354de16ac6dc5346bfc1187f5
939,Million Ways,https://i.scdn.co/image/ab67616d0000b273f460dcdffa04e30a8a3d68eb
940,Fallin' All In You,https://i.scdn.co/image/ab67616d0000b273269423eb6467e308c0fbce24
941,Lie To Me (feat. Julia Michaels),https://i.scdn.co/image/ab67616d0000b2734be7119afe5f4282eb8d24c7
942,"fuck, i'm lonely (with Anne-Marie)",https://i.scdn.co/image/ab67616d0000b27325a1320532b730a8d42a9915
943,Jocelyn Flores,https://i.scdn.co/image/ab67616d0000b273203c89bd4391468eea4cc3f5
944,XO Tour Llif3,https://i.scdn.co/image/ab67616d0000b273f23aee9d3be9fcbca1bc6352
945,4 Da Gang (with Roddy Ricch),https://i.scdn.co/image/ab67616d0000b2735cc589330e3596c853863484
946,Walk Down,https://i.scdn.co/image/ab67616d0000b27309cba0071787b8ef13780163
947,They Ain't You,https://i.scdn.co/image/ab67616d0000b2736a59c3251231317dfdb9cd9c
948,No I in Team,https://i.scdn.co/image/ab67616d0000b273ccf06a997c6c04296dc0c452
949,Tip Toe (feat. A Boogie Wit da Hoodie),https://i.scdn.co/image/ab67616d0000b273600adbc750285ea1a8da249f
950,Tyler Herro,https://i.scdn.co/image/ab67616d0000b273aeb14ead136118a987246b63
951,The Scientist,https://i.scdn.co/image/ab67616d0000b273de09e02aa7febf30b7c02d82
952,The Scientist,https://i.scdn.co/image/ab67616d0000b273de09e02aa7febf30b7c02d82
953,Iris,https://i.scdn.co/image/ab67616d0000b273eda9478c39a21e1cdc6609ca
954,Ugly,https://i.scdn.co/image/ab67616d0000b273526e961fa7e7a891d23b31ea
955,Try,https://i.scdn.co/image/ab67616d0000b273bb25239324c4e16ae01fda36
956,Apologize,https://i.scdn.co/image/ab67616d0000b273755a9f1e89ad8e8cf91d4956
957,She Doesn't Mind,https://i.scdn.co/image/ab67616d0000b273c1d44fad7488d51d8e86de16
958,Got 2 Luv U (feat. Alexis Jordan),https://i.scdn.co/image/ab67616d0000b273c1d44fad7488d51d8e86de16
959,White Flag,https://i.scdn.co/image/ab67616d0000b273d41b79f27ef8d8df5a191219
960,Underwater,https://i.scdn.co/image/ab67616d0000b2739801052cc11d95176a551e1b
961,Everytime,https://i.scdn.co/image/ab67616d0000b273e0c8b75abb6704283aa645aa
962,Because of You,https://i.scdn.co/image/ab67616d0000b273ec4f8c81eb9ddee00e01798d
963,"Relax, Take It Easy",https://i.scdn.co/image/ab67616d0000b2733408a925e0bcb7940f864a0e
964,All Good Things (Come To An End) - Spanish Version,https://i.scdn.co/image/ab67616d0000b273bc3bf94adf874815867bcbb6
965,Bleeding Love - Radio Edit,https://i.scdn.co/image/ab67616d0000b2732bcf7efcbaeb49517aa2b03d
966,Umbrella - Radio Edit,https://i.scdn.co/image/ab67616d0000b27314bd90935ed5a2ac6c662373
967,Say It Right,https://i.scdn.co/image/ab67616d0000b273a6f439c8957170652f9410e2
968,Torn,https://i.scdn.co/image/ab67616d0000b273741a2c204ca18f2b2116d278
969,POPSTAR (feat. Drake),https://i.scdn.co/image/ab67616d0000b273efaecb4b9cbae7c120d14617
970,GREECE (feat. Drake),https://i.scdn.co/image/ab67616d0000b2737db0d21fc5696a3fcedfb933
971,LET IT GO (feat. Justin Bieber & 21 Savage),https://i.scdn.co/image/ab67616d0000b273dcd4d70294f17175991ba1bb
972,Lightskin Lil Wayne,https://i.scdn.co/image/ab67616d0000b273d38a9c6e4fcfeb128f111f6b
973,Life Is Good (feat. Drake),https://i.scdn.co/image/ab67616d0000b2738a01c7b77a34378a62f46402
974,"Whats Poppin (feat. DaBaby, Tory Lanez & Lil Wayne) [Remix] - Bonus Track",https://i.scdn.co/image/ab67616d0000b273aeb14ead136118a987246b63
975,Roses - Imanbek Remix [Latino Gang],https://i.scdn.co/image/ab67616d0000b2733874d55a76116a32be46d7c3
976,I Won,https://i.scdn.co/image/ab67616d0000b27326f7f19c7f0381e56156c94a
977,"His & Hers (feat. Don Toliver, Lil Uzi Vert & Gunna)",https://i.scdn.co/image/ab67616d0000b273fa3f1f67c0504174097db970
978,Move Ya Hips (feat. Nicki Minaj & MadeinTYO),https://i.scdn.co/image/ab67616d0000b2739c7f5612dc2f284ef5c31764
979,Thrusting (feat. Swae Lee & Future),https://i.scdn.co/image/ab67616d0000b273a64752f7639c1220d56ea129
980,Lemonade - Remix,https://i.scdn.co/image/ab67616d0000b27394c0a1fd729e61f0f8216b51
981,Goddamn (feat. A Boogie wit da Hoodie),https://i.scdn.co/image/ab67616d0000b273d38a9c6e4fcfeb128f111f6b
982,Moana,https://i.scdn.co/image/ab67616d0000b273b7e3147e73388bc3f3a44412
983,Turks (with Gunna & ft. Travis Scott),https://i.scdn.co/image/ab67616d0000b27336f15d38804d5bdd29b9fc7a
984,All the Smoke (feat. Gunna & Wiz Khalifa),https://i.scdn.co/image/ab67616d0000b273a9978d85a1eaab72e5178867
985,Baby (Lil Baby feat. DaBaby),https://i.scdn.co/image/ab67616d0000b273f5c547a4335523f10a802f94
986,Plain Jane REMIX (feat. Nicki Minaj),https://i.scdn.co/image/ab67616d0000b27378f6399d94fc2b026d376b66
987,Tommy Lee (feat. SAINt JHN & Post Malone) - Remix,https://i.scdn.co/image/ab67616d0000b273eca2e67b444d35b3ba00ca53
988,"No Brainer (feat. Justin Bieber, Chance the Rapper & Quavo)",https://i.scdn.co/image/ab67616d0000b273fa2741071b31bb94cb4232ae
989,Ric Flair Drip (& Metro Boomin),https://i.scdn.co/image/ab67616d0000b2730db43130a9aaa7bae56967ed
990,Racks 2 Skinny,https://i.scdn.co/image/ab67616d0000b2739325c863d9139cc2d507421b
991,Still Wiz,https://i.scdn.co/image/ab67616d0000b273fb3dcedb1da63eb4be8c7433
992,High Right Now (feat. Wiz Khalifa) - Remix,https://i.scdn.co/image/ab67616d0000b2732dea10a6e67a8c1ab8b8566e
993,"I DID IT (feat. Post Malone, Megan Thee Stallion, Lil Baby & DaBaby)",https://i.scdn.co/image/ab67616d0000b273dcd4d70294f17175991ba1bb
994,"Jealous (feat. Chris Brown, Lil Wayne & Big Sean)",https://i.scdn.co/image/ab67616d0000b273fa2741071b31bb94cb4232ae
995,Used To Be - Rasster Remix,https://i.scdn.co/image/ab67616d0000b273246f3e9ddfc2bfa5bae02721
996,I WANNA SEE SOME ASS (feat. jetsonmade),https://i.scdn.co/image/ab67616d0000b27305a448540b069450ccfba889
997,Tryna F**k Me (feat. Post Malone),https://i.scdn.co/image/ab67616d0000b2731215fd2b58b20d15ff4265ea
998,Way down We Go,https://i.scdn.co/image/ab67616d0000b273f793a842c1642b09a768a63b
999,Sorry,https://i.scdn.co/image/ab67616d0000b273f46b9d202509a8f7384b90de
1000,Chanel Bag,https://i.scdn.co/image/ab67616d0000b2737f58098c22f0d5d521d3a465
1001,Lowkey,https://i.scdn.co/image/ab67616d0000b27327d27aa0719f69df2c50f4dd
1002,"Runnin (with A$AP Rocky, A$AP Ferg & Nicki Minaj)",https://i.scdn.co/image/ab67616d0000b273e8230123dfe625c953eabae2
1003,Go Crazy,https://i.scdn.co/image/ab67616d0000b27363e0ddbb488d0eeec0e738fc
1004,Going Bad (feat. Drake),https://i.scdn.co/image/ab67616d0000b273cd63c5962050729d260077d6
1005,Down Below,https://i.scdn.co/image/ab67616d0000b273434f4eeb4231f6f4862cafd4
1006,Roses Remix (feat. Future),https://i.scdn.co/image/ab67616d0000b27358bdd2272afc23c77c74b443
1007,Dil Haare,https://i.scdn.co/image/ab67616d0000b273a24f426a3301ef2ad197f453
1008,Jiyein Kyun,https://i.scdn.co/image/ab67616d0000b273e39388ba8eadf58476135087
1009,Roadtrip,https://i.scdn.co/image/ab67616d0000b2735737d500a8f8f365e895bcf3
1010,"Agar Tum Saath Ho (From ""Tamasha"")",https://i.scdn.co/image/ab67616d0000b2737569cbe3695608074d9fd389
1011,"Jeena Jeena (From ""Badlapur"")",https://i.scdn.co/image/ab67616d0000b2730898b7768e930286db7aac98
1012,Valentine's Mashup 2019,https://i.scdn.co/image/ab67616d0000b273ac8ca51078a4640572463a8b
1013,Tere Sang Yaara,https://i.scdn.co/image/ab67616d0000b2733a2753349e18d67b45e5b24d
1014,Pehli Nazar Mein,https://i.scdn.co/image/ab67616d0000b273a0174ac9f29d0d48d76c3e00
1015,Pehli Dafa,https://i.scdn.co/image/ab67616d0000b273afd2bc3f876235be94c0d36d
1016,Paris (feat. GASHI),https://i.scdn.co/image/ab67616d0000b273caf82abb2338880577e472be
1017,Kindness,https://i.scdn.co/image/ab67616d0000b273220247f035d2aef153b25998
1018,Touch It,https://i.scdn.co/image/ab67616d0000b273e2f0b004bac34682a3b45fdb
1019,In My Bed,https://i.scdn.co/image/ab67616d0000b27388baf26d47f060273280edf5
1020,Vibration,https://i.scdn.co/image/ab67616d0000b273aae14cf375b0a110cfeb37c0
1021,Dusty Blue,https://i.scdn.co/image/ab67616d0000b27364558c100755ffd78cb4f9d0
1022,Back To Black,https://i.scdn.co/image/ab67616d0000b27376ffb5b5ab045d22c81235c1
1023,A Gentle Awakening,https://i.scdn.co/image/ab67616d0000b273066c8ea7d414c9e56f95502d
1024,When I'm Small,https://i.scdn.co/image/ab67616d0000b27315f856c044360b26ac41f109
1025,Where Do We Go From Here,https://i.scdn.co/image/ab67616d0000b273d0b11ad583e832a02f0bed8e
1026,The One I Love,https://i.scdn.co/image/ab67616d0000b273135322c78a93ff9b1f392c3a
1027,The Gentle Rain - RJD2 Remix,https://i.scdn.co/image/ab67616d0000b273c9d1df276e1e68be4a50dcec
1028,Sing Sing - The Bones of Jr. Jones RMX,https://i.scdn.co/image/ab67616d0000b273f6fe25a1431e8d032dd99740
1029,Short Change Hero,https://i.scdn.co/image/ab67616d0000b27387aa34532133fbd0ba267b16
1030,Thodu Vaanam,https://i.scdn.co/image/ab67616d0000b2737f321a49a5fd18e4b2258118
1031,Kotha,https://i.scdn.co/image/ab67616d0000b273199e7c3d46fcd7d939237ce9
1032,"Bol Do Na Zara (From ""Azhar"")",https://i.scdn.co/image/ab67616d0000b273f4e88554baba207fc6878ab5
1033,"Dharala Prabhu Title Track (From ""Dharala Prabhu"")",https://i.scdn.co/image/ab67616d0000b273f7021406e443394927e3da62
1034,Sajdaa,https://i.scdn.co/image/ab67616d0000b2730b7a25dad85eb88ffb5f942d
1035,Bhai Re,https://i.scdn.co/image/ab67616d0000b2739b10e4f45fc6ca3cccf6ce37
1036,Kanave Nee Naan,https://i.scdn.co/image/ab67616d0000b27319762c7fa8f79a21151bc4b5
1037,Asal Mein,https://i.scdn.co/image/ab67616d0000b2736597f07e711333210fa77b1c
1038,Vaseegara And Zara Zara Mashup,https://i.scdn.co/image/ab67616d0000b273fa038b49bbb4a4df0fe27cde
1039,The Angel and the Fool,https://i.scdn.co/image/ab67616d0000b2739c111e02e4ae7cc0d1caa91d
1040,Same For You,https://i.scdn.co/image/ab67616d0000b2738b95295e3502c549fa044937
1041,Blackbird Song,https://i.scdn.co/image/ab67616d0000b2737c87318fe48c57e58440e8fa
1042,Let's Talk It Over,https://i.scdn.co/image/ab67616d0000b27387aee349839b91fe57da5a05
1043,How You Like Me Now? - Raffertie Remix,https://i.scdn.co/image/ab67616d0000b27314bad9bc31d566296b2eadab
1044,Waves,https://i.scdn.co/image/ab67616d0000b273a787f718fb485b66d6219247
1045,When I Go,https://i.scdn.co/image/ab67616d0000b273a0f7f239974eefe88368c4df
1046,Take Me Higher,https://i.scdn.co/image/ab67616d0000b273a80577bffb2537bb15118e7a
1047,In the Rain,https://i.scdn.co/image/ab67616d0000b2739ed5fcf212f05d55b1e61eae
1048,Wiser,https://i.scdn.co/image/ab67616d0000b273073da07ef5b663b6e135a5a0
1049,Phantoms and Friends,https://i.scdn.co/image/ab67616d0000b273073da07ef5b663b6e135a5a0
1050,Bare,https://i.scdn.co/image/ab67616d0000b27348488a8c3943b4183f4caaee
1051,The Road,https://i.scdn.co/image/ab67616d0000b273e5551dc0359b1ce82ef078f4
1052,Bloodstream,https://i.scdn.co/image/ab67616d0000b27313b3e37318a0c247b550bccd
1053,Let Me Down Slowly,https://i.scdn.co/image/ab67616d0000b273459d675aa0b6f3b211357370
1054,Pieces (Hushed),https://i.scdn.co/image/ab67616d0000b273bb1bc6204596d67156338b77
1055,Half Light,https://i.scdn.co/image/ab67616d0000b2738e0ee2f5b1187bf15516d40c
1056,Someone To Stay,https://i.scdn.co/image/ab67616d0000b273dabc6fe9dd3454884cf65071
1057,Weight,https://i.scdn.co/image/ab67616d0000b2734f9b5941cfd6cf5c95992772
1058,Bloom (Online Bonus Track),https://i.scdn.co/image/ab67616d0000b2730c199cd60dfe661ff2773630
1059,I Found,https://i.scdn.co/image/ab67616d0000b27307a1897752cd38db3e9e43f3
1060,Need Your Love,https://i.scdn.co/image/ab67616d0000b273dcef905cb144d4867119850b
1061,Cruel World,https://i.scdn.co/image/ab67616d0000b2731624590458126fc8b8c64c2f
1062,Blinded,https://i.scdn.co/image/ab67616d0000b273f996112a93f587975046dc42
1063,Where's My Love,https://i.scdn.co/image/ab67616d0000b2730539a4e5168866136e416522
1064,Human,https://i.scdn.co/image/ab67616d0000b27390a788beadaad34ff684d3ec
1065,Ophelia,https://i.scdn.co/image/ab67616d0000b27321b550b66cf1391c6642088c
1066,Leave a Light On,https://i.scdn.co/image/ab67616d0000b273bc1a09ac82f9aa9af62f2ca4
1067,Fire,https://i.scdn.co/image/ab67616d0000b273c4644b52f09c1932f32f7e4d
1068,The Meetings of the Waters,https://i.scdn.co/image/ab67616d0000b27357588318cff6238a1977868d
1069,And You Evade Him/Born in the Blood,https://i.scdn.co/image/ab67616d0000b273bf76431e722f665fc8332f20
1070,Beneath the Surface,https://i.scdn.co/image/ab67616d0000b273ace6e12cea26b7471bf5d5a1
1071,Whiskey Whiskey,https://i.scdn.co/image/ab67616d0000b27323f68790c67fdd51ecd87f2f
1072,Love & Hate,https://i.scdn.co/image/ab67616d0000b2731070095e88dce90a090171b5
1073,Way down We Go - Stripped,https://i.scdn.co/image/ab67616d0000b273f3979edcd438012ac65d87a3
1074,Be Alright,https://i.scdn.co/image/ab67616d0000b27313480e8127119dcb882eb53d
1075,Brother,https://i.scdn.co/image/ab67616d0000b273b62efc8fa0cbf9bdd3331e49
1076,Unsteady - Erich Lee Gravity Remix,https://i.scdn.co/image/ab67616d0000b27307143820b9a752eef7eb8643
1077,The Woods,https://i.scdn.co/image/ab67616d0000b2732735fa941859fad0e5cc7460
1078,Want It Kept,https://i.scdn.co/image/ab67616d0000b2738a44d6b1be0d88489fce62f8
1079,Electricity,https://i.scdn.co/image/ab67616d0000b273a334001297c78a5da11d5b58
1080,Illuminate,https://i.scdn.co/image/ab67616d0000b273b54cdfbfaa828674ffecd12c
1081,BE OK,https://i.scdn.co/image/ab67616d0000b273f0f2cd0c1076824b0c889187
1082,Dreams (feat. LUISAH),https://i.scdn.co/image/ab67616d0000b27311c497674d516a461eb63c89
1083,Never Really Over,https://i.scdn.co/image/ab67616d0000b2739bea3b79b95f86d1b66ac960
